Title,URL,Post,Publication Date
Campanha de fiscalização contra a cata ilegal do caranguejo no litoral do Piauí começa nesta segunda-feira (13),https://carlsonpessoa.blogspot.com/2025/01/campanha-de-fiscalizacao-contra-cata.html,"O Governo do Piauí, por meio da Secretaria de Meio Ambiente e Recursos Hídricos (Semarh), realizará ações de fiscalização durante o período de defeso do caranguejo-uçá. A operação inicia, nesta segunda-feira (13) e segue até 18 de janeiro, em Parnaíba, Luiz Correia, Ilha Grande e Cajueiro da Praia.A mobilização tem com o objetivo combater a cata ilegal e proteger o caranguejo-uçá no período de defeso. Durante a fiscalização, além das vistorias em mercados, peixarias e restaurantes, e das incursões nos manguezais para verificar o cumprimento da lei que proíbe a cata do crustáceo, também será realizado um trabalho de conscientização junto aos catadores locais.“A Semarh reforça que a fiscalização será rigorosa, pois estaremos no litoral piauiense com três auditores fiscais ambientais, três equipes de segurança da Secretaria e teremos também o apoio da Companhia Independente de Policiamento Ambiental da região norte. Tudo para garantir a reprodução do animal”, afirmou o major Dênio Marinho, diretor de Fiscalização da Semarh.A penalidade administrativa prevista para o caso de pesca em período proibido é a aplicação de multa, que pode variar de R$ 700 a R$ 100 mil, com a possibilidade de acréscimo de R$ 20 a cada quilo de material encontrado.O período do defeso em 2025 compreende cinco etapas, em que é proibida a captura, o transporte, a industrialização e a comercialização do caranguejo-uçá. Os próximos períodos do defeso são: de 29 de janeiro a 3 de fevereiro; 27 de fevereiro a 4 de março e 29 de março a 3 de abril.A Secretaria do Meio Ambiente reforça que as pessoas físicas ou jurídicas envolvidas na criação em cativeiro, conservação, beneficiamento, industrialização ou comercialização do caranguejo-uçá devem apresentar a Declaração de Estoque ao Instituto Brasileiro do Meio Ambiente e dos Recursos Naturais Renováveis (Ibama), até o último dia útil anterior ao início de cada período de defeso.FONTE: Governo do Piauí",Unknown date
ESPECIALIDADES: Hospital Marques Basto,https://carlsonpessoa.blogspot.com/2022/05/voce-conhece-os-nossos-medicos.html,,Unknown date
Criança de 2 anos morre eletrocutada após tocar fio de aparelho doméstico em Buriti dos Lopes,https://carlsonpessoa.blogspot.com/2025/01/crianca-de-2-anos-morre-eletrocutada.html,"Por volta das 16h deste sábado (11/01), uma criança identificada como Francisco Arthur de Oliveira da Conceição, de apenas 2 anos de idade, residente na rua Joaquim Camilo de Freitas, morreu após sofrer uma descarga elétrica em uma tomada de um aparelho doméstico dentro de casa em Buriti dos Lopes, Norte do Piauí.Segundo informações da polícia militar, Francisco Arthur estaria brincando próximo ao cabo de energia elétrico de um ventilador que estava ligado à tomada de fácil acesso, dentro do imóvel, quando foi eletrocutado após encostar no cabo energizado.A vítima ainda chegou a ser socorrida pelo Sistema de Atendimento Móvel de Urgência (SAMU), que prontamente realizou os primeiros atendimentos e encaminhou para o hospital estadual Dr. Mariano Lucas de Sousa em Buriti dos Lopes, onde a criança não resistiu e veio a óbito.Por RurikAraújoImagens: Rede Social",Unknown date
Agropecuária Industria e Comercio Santos Ltda. - ARROZ LONGÁ,https://carlsonpessoa.blogspot.com/2022/03/agropecuaria-industria-e-comercio.html,"Rua Dr. João Goulart, 810 no Bairro São José em Parnaíba(PI). Cep 64218- 030 - Fone: 86 33212377.",Unknown date
ACIDENTE - Mulher morre e filha fica gravemente ferida em acidente de moto em Buriti dos Lopes,https://carlsonpessoa.blogspot.com/2025/01/acidente-mulher-morre-e-filha-fica.html,"O caso será investigado pelas autoridades policiais para apurar as causas do acidente.Um acidente de trânsito ocorrido na tarde de sábado (11/01) em Buriti dos Lopes, deixou uma mulher morta e sua filha gravemente ferida. As vítimas, que estavam em uma motocicleta, colidiram com a traseira de um caminhão na estrada que liga a zona urbana a Lagoa Grande.A mulher que faleceu no local foi identificada como Rita de Cassia Oliveira, de 65 anos, que estava na garupa da moto conduzida pela filha, Antônia Maria Oliveira da Silva, de 42 anos. Após o impacto, Antônia foi socorrida por uma equipe do Serviço de Atendimento Móvel de Urgência (SAMU) e levada ao Hospital Estadual Dirceu Arcoverde (HEDA), em Parnaíba, com ferimentos graves.A Polícia Militar isolou a área do acidente, e o corpo de Rita de Cassia foi encaminhado ao Instituto Médico Legal (IML). O caso será investigado pelas autoridades policiais para apurar as causas do acidente.Fonte: 180graus",Unknown date
SESI - Atendimento Médico,https://carlsonpessoa.blogspot.com/2024/06/sesi-atendimento-medico_02087917948.html,,Unknown date
EXPRESSAS DO BLOG DO PESSOA,https://carlsonpessoa.blogspot.com/2025/01/expressas-do-blog-do-pessoa.html,"FATO!- Vai da
m... para os proprietários de carros movidos a energia elétrica em Parnaíba. A
Equatorial não está preparada para carregar os automóveis da categoria que estão chegando a cada dia. Tomara que esteja enganado!Imagem ilustrativaTRISTE- O Brasil
acompanha há duas semanas pela grande mídia nacional o caso do envenenamento de
uma família no Bairro Dom Rufino em Parnaíba.E AGORA?- Novo laudo
mostra que mulher presa, acusada de envenenar dois irmãos, pode ser inocente.
Já pensou a situação dessa senhora.CHUVAS-Tudo indica que a partir dessa semana teremos
chuvas no litoral piauiense. Com as chuvas, os velhos problemas de alagamentos.TUBARÃO!- O
Parnahyba Sport Club estreou dentro de casa (estádio Pedro Alelaf) fez o dever e
ganhou os três primeiros pontos.",Unknown date
SENAI: Matriculas abertas para curso de Computação Forense,https://carlsonpessoa.blogspot.com/2024/07/fiepi-iel-temos-vagas-estagio.html,,Unknown date
PAX UNIÃO INFORMA -  NOTA DE FALECIMENTO,https://carlsonpessoa.blogspot.com/2025/01/pax-uniao-informa-nota-de-falecimento_01608313106.html,"A PAX UNIÃO, em nome das famílias enlutadas, cumpre o seu doloroso dever decomunicar o falecimento das seguintes pessoas:1. MARIA DO SOCORRO RODRIGUES DOS SANTOS, 87 anos de idade, falecida às 11h40min do dia (11.01.2025) em sua residência na Rua 19 de Outubro, n°826, Bairro SãoJosé. O corpo foi velado no ESPAÇO VELATORIO DA PAX UNIÃO. O sepultamentoocorreu às 08h do dia (12.01.2025) no cemitério Santana.2. CARLOS AUGUSTO ARAÚJO XAVIER, 49 anos de idade, falecido às 04h 15min do dia(11.01.2025) no Hospital Marques Basto em Parnaíba-PI. O corpo foi velado no ConjuntoDom Rufino III, Q Z, C 24, Bairro Primavera. O sepultamento ocorreu às 16h do dia(12.01.2025) no cemitério Santana.3. FRANCISCO ARTHUR OLIVEIRA DA CONCEIÇÃO, 02 anos de idade, falecido às 15hdo dia (11.01.2025) no Hospital Mariano Lucas em Buriti dos Lopes-PI. O corpo foi veladona Rua Joaquim Camilo Freitas, n°84, Centro. O sepultamento ocorreu às 07h do dia(12.01.2025) no cemitério da cidade.4. FRANCISCA FERREIRA DO NASCIMENTO, 91 anos de idade, falecido às 23h 15min dodia (11.01.2025) Na Santa Casa de Misericórdia em Parnaíba-PI. O corpo foi trasladadopara Buriti dos Lopes-PI e foi velado na Rua José Almeida Brito, n°70, Bairro Macambira.O sepultamento ocorreu às 16h do dia (12.01.2025) no cemitério da cidade.5. MARIA ELISABETE DE AGUIAR FREIRE, 79 anos de idade, falecida às 05h 44min dodia (12.01.2025) em sua residência na Rua Vera Cruz, n°563, Bairro São José. O corpofoi velado no ESPAÇO VELATORIO DA PAX UNIÃO. O sepultamento ocorreu às 16h30min do dia (12.01.2025) no cemitério da Igualdade.6. RITA DE CASSIA OLIVEIRA, 65 anos de idade, falecida às 18h do dia (11.01.2025) emVia Pública. O corpo foi removido do IML e trasladado para o Povoado Libanio, zona ruralde Buriti dos Lopes, onde está sendo velado. O sepultamento será realizado às 17h30min de hoje (13.01.2025) no cemitério da Igualdade- Buriti dos Lopes.7. EVANDRO SANTOS DE SANTANA, falecido na madrugada do dia (12.01.2025) em ViaPública. O corpo foi removido do IML e está sendo velado na Avenida Castro Neves, s/n,Povoado São João, zona rural de Parnaíba. O sepultamento ocorreu às 08h de hoje(13.01.2025) no cemitério da comunidade.8. RAIMUNDA DE OLIVEIRA CARNEIRO, 76 anos de idade, falecida às 16h 30min do dia(12.01.2025) em sua residência no Povoado Lagoa do Riacho, zona rural de Luís Correia,onde está sendo velada. O sepultamento será realizado às 16h de hoje (13.01.2025) nocemitério da comunidade.A PAX UNIÃO, em nome das famílias enlutadas, agradece a todos que comparecerema este ato de fé e piedade cristã.Informou a Pax UniãoParnaíba – PI, 13 de Janeiro de 2025.",Unknown date
Jovem morre após comer mais de 100 seriguelas com caroço,https://carlsonpessoa.blogspot.com/2025/01/jovem-morre-apos-comer-mais-de-100.html,"Um jovem de 28 anos, com deficiência intelectual grave, morreu na noite desta quinta-feira (09/01) após passar mal em casa, no Parque dos Girassóis, em Campo Grande. De acordo com a mãe de criação, ele havia consumido mais de 100 seriguelas com caroço, o que causou um quadro de constipação. Com informações doTop Mídia News.Foto: FreepikO jovem havia sido internado no dia 2 de janeiro após se sentir mal, sendo inicialmente atendido na UPA Leblon e, posteriormente, encaminhado para o Hospital Regional. Lá, foi submetido a uma cirurgia para a retirada dos caroços e recebeu alta no dia 8 de janeiro. No entanto, na noite seguinte, ele foi encontrado inconsciente pela mãe.Ela tentou reanimá-lo, mas, mesmo com a chegada dos bombeiros, ele não resistiu e faleceu por volta das 22h. O caso foi registrado na Delegacia de Pronto Atendimento Comunitário (Depac) Cepol como morte a esclarecer, e está sendo investigado.",Unknown date
SENAI: Matriculas abertas para curso de Torneiro Mecânico,https://carlsonpessoa.blogspot.com/2024/11/senai-matriculas-abertas-para-curso-de_01935710265.html,,Unknown date
Parnahyba vence Oeirense no Pedro Alelaf em sua estreia no Campeonato Piauiense 2025,https://carlsonpessoa.blogspot.com/2025/01/parnahyba-vence-oeirense-no-pedro.html,"Em jogo marcado por dois gols contra e expulsões, Tubarão vence Cachorro Louco empata na liderança do Grupo B com o PiauíParnahyba vence Oeirense e avança no Campeonato Piauiense 2025 - Foto: PSCO Parnahyba venceu o Oeirense, por 2 a 1, na tarde deste domingo, no estádio Pedro Alelaf, no litoral, pela primeira rodada do Grupo B do Campeonato Piauiense.Danilo, contra, e Emílio sacramentaram a vitória do Tubarão. O gol do Oeirense foi marcado por Emílio, também contra.No início do jogo, em geral, foi uma primeira etapa equilibrada. Apesar de jogar fora de casa, o Oeirense conseguiu ter mais posse de bola no começo do jogo.Torcida compareceu em peso para apoiar o Tubarão no Pedro Alelaf-Foto: PSCContudo, o Parnahyba tomou as rédeas da partida, começou a colocar em prática seu ritmo e soube controlar as ações do adversário. Até que aos 25 minutos, após cruzamento de Xexéu, Danilo se atrapalhou e marcou contra.O Cachorro Louco até tentou ensaiar uma reação, porém, sem sucesso.Na segunda etapa, o Parnahyba começou com um volume maior de jogo, empurrando o adversário para seu campo defensivo.Aos 14 minutos, Emílio foi até a área e ampliou a vantagem para o Tubarão.O cenário da partida mudou quando Emerson foi expulso, e com isso, o Oeirense conseguiu criar mais chances de perigo.Aos 35 minutos, após cruzamento de Rhuann, Emílio se atrapalhou e acabou diminuindo o placar para o Cachorro Louco. No fim de jogo, Eddy, do Oeirense, acabou sendo expulso por pisar em Xexéu.Na segunda rodada do Grupo B do Campeonato Piauiense, o Parnahyba vai enfrentar o Piauí no dia 20 de janeiro (segunda-feira), às 19h, no estádio Albertão, em Teresina.Jogadores do Parnahyba comemoram a vitória no vestiário- Foto: PSCNo outro jogo da rodada pelo grupo A, o Altos venceu o Fluminense por 1x0 no Estádio Albertão em Teresina.Fonte: GE-PI l Edição: Jornal da Parnaíba",Unknown date
DonaMana Água Mineral,https://carlsonpessoa.blogspot.com/2023/12/donamana-agua-mineral.html,Envie uma mensagem para Agua DonaMana no WhatsApp clicandoaqui.,Unknown date
Homem de 49 anos é agredido violentamente com facão em Parnaíba,https://carlsonpessoa.blogspot.com/2025/01/homem-de-49-anos-e-agredido.html,"Um homem identificado como Ivanildo Silva Pereira, 49 anos, foi agredido a base de facão nesta manhã de sábado(11), na Rua Companheiro José Alfredo, bairro Canta Galo em Parnaíba.O autor da agressão foi preso pela ROCAM quase em frente ao Detran no bairro São Benedito.Em posse do acusado de lesão corporal, ora identificado como Ociomar José da Costa da Silva, 28 anos, o FERA, foi apreendido um facão, usado nas agressões.A vítima foi socorrida para o hospital e na sequencia, para prestar queixa ao delegado Rodrigo Mello, na central de flagrantes.Contou que o Fera chegou na sua casa embriagado e o ameaçou de morte, sendo atingido na cabeça, orelha, rosto e outras partes do corpo.Momento da prisão.Acusado da agressão, o conhecido FERA.Facão apreendido pela RocamVitima das agressões.",Unknown date
OFERTAS DA SEMANA PARAÍBA,https://carlsonpessoa.blogspot.com/2025/01/ofertas-da-semana-paraiba_12.html,,Unknown date
Idoso é morto a tiros após discussão com camelô no litoral,https://carlsonpessoa.blogspot.com/2025/01/idoso-e-morto-tiros-apos-discussao-com.html,"João Batista Ferreira de Miranda, de 69 anos, foi morto a tiros na noite deste sábado (11/01) após uma discussão com um camelô, no Povoado Macapá, em Luís Correia, litoral do Piauí. A Polícia Militar informou que o crime teria sido motivado por uma dívida relacionada à compra de uma cama, feita pelo idoso com o vendedor.Segundo a PM, o camelô teria se irritado com a demora no pagamento e, após uma cobrança, ameaçou o idoso. ""O camelô disse que ele pagaria no dia ou 'pagaria na bala'"", relatou um policial. O autor dos disparos ainda não foi localizado.A perícia esteve no local para coletar evidências iniciais, e o caso foi transferido para a Delegacia de Parnaíba, onde a Polícia Civil dará continuidade às investigações para esclarecer as circunstâncias do crime e identificar o responsável pelos tiros.",Unknown date
LITORAL: Suspeito de estuprar filha de 10 anos e compartilhar imagens é preso no Piauí,https://carlsonpessoa.blogspot.com/2025/01/litoral-suspeito-de-estuprar-filha-de.html,"A Delegacia Especializada no Atendimento à Mulher e Grupos Vulneráveis (DEAMGV) de Luís Correia prendeu um homem suspeito de estuprar sua própria filha de 10 anos. A prisão ocorreu no povoado São Benedito, zona rural de Luís Correia, litoral do Piauí, neste sábado (11/01).Foto: ReproduçãoHomem é preso por estuprar filha de 10 anos e compartilhar imagens em grupos no PiauíSegundo a polícia, o homem não apenas cometeu o estupro, mas também registrou o crime e compartilhou as imagens em grupos de pornografia em um aplicativo de mensagens. O nome do suspeito não foi divulgado para proteger a identidade da vítima.A polícia informou que as investigações continuam e, assim que concluídas, o inquérito será encaminhado à Justiça para adoção das medidas cabíveis. A data dos abusos não foi divulgada.",Unknown date
Rafael Fonteles sanciona lei que restringe uso de dispositivos eletrônicos em escolas,https://carlsonpessoa.blogspot.com/2025/01/rafael-fonteles-sanciona-lei-que.html,"O governador do Piauí, Rafael Fonteles, anunciou neste sábado (11/01) a promulgação da Lei nº 8563/2025, que proíbe o uso de celulares, tablets e relógios inteligentes em escolas públicas e privadas do estado, exceto quando utilizados para fins pedagógicos. A medida busca garantir um ambiente escolar mais focado no aprendizado.A nova legislação reforça a importância de utilizar a tecnologia de forma moderada e consciente. Embora reconheça os benefícios tecnológicos para a educação, a lei estabelece limites para evitar distrações durante as aulas, promovendo a formação acadêmica como prioridade.O governador destacou que a educação de qualidade deve estar sempre em primeiro lugar e que o uso controlado da tecnologia é essencial nesse processo. A medida já está em vigor e abrange todas as instituições de ensino do estado, tanto públicas quanto privadas.",Unknown date
Joel Rodrigues destaca Margarete Coelho como possível candidata ao Governo do Piauí,https://carlsonpessoa.blogspot.com/2025/01/joel-rodrigues-destaca-margarete-coelho.html,"A ex-vice-governadora e ex-deputada federal Margarete Coelho está entre os nomes cogitados pelo Progressistas para disputar o Governo do Piauí nas eleições de 2026. A informação foi confirmada nesta sexta-feira (09/01) pelo presidente estadual do partido, Joel Rodrigues, e pelo senador Ciro Nogueira, líder nacional da sigla. Outros nomes na pauta da oposição incluem a deputada estadual Gracinha Mão Santa e o próprio Joel Rodrigues.Joel destacou a importância de ampliar as opções para a oposição e elogiou Margarete Coelho como um nome qualificado e experiente dentro do partido. Ele também mencionou a força de Gracinha Mão Santa, apontando que as duas são exemplos de mulheres preparadas para contribuir com o estado. A escolha final, segundo Joel, será baseada no sentimento popular e na viabilidade política.O senador Ciro Nogueira reforçou que o partido está avaliando os possíveis candidatos para o Palácio de Karnak. Ele afirmou que a definição será feita no momento adequado e que a oposição apresentará uma opção sólida para enfrentar o governo nas próximas eleições estaduais.",Unknown date
Mab Pizzaria - A Mais Gostosa da Cidade,https://carlsonpessoa.blogspot.com/2024/04/mab-pizzaria-mais-gostosa-da-cidade.html,,Unknown date
Polícia prende duas pessoas por tráfico de drogas em Parnaíba,https://carlsonpessoa.blogspot.com/2025/01/policia-prende-duas-pessoas-por-trafico.html,"APolícia Civil do Piauí,
por meio da 2ª Divisão de Tráfico de Drogas e com o apoio da 1ª e 2ª Delegacias
Seccionais de Parnaíba, realizou nessa sexta-feira (10) uma operação no bairro
Planalto, em Parnaíba, que resultou no cumprimento de quatro mandados de busca
e apreensão.Durante a operação, dois homens, de iniciais M.D.S.S. e A.K.S.S.,
foram presos em flagrante pelo crime de tráfico de drogas.Além das
prisões, a ação levou à apreensão de diversos itens, incluindo: dois aparelhos
celulares; R$ 1.337,00 (mil trezentos e trinta e sete reais) em espécie; sacos
plásticos contendo drogas embaladas, com substâncias semelhantes a maconha,
crack e cocaína; duas balanças de precisão; e uma motocicleta Honda Fan de cor
preta.A Polícia Civil destaca a relevância da participação da sociedade
no combate ao crime e incentiva o envio de denúncias anônimas, que podem ser
realizadas pelo sitehttps://bit.ly/denunciapcphbou pelo
telefone (86) 99557-2241.",Unknown date
Clinica Viva: Atendimento em enfermagem,https://carlsonpessoa.blogspot.com/2023/11/clinica-viva-atendimento-em-enfermagem.html,,Unknown date
Motociclista morre em colisão na BR 402 em Parnaíba,https://carlsonpessoa.blogspot.com/2025/01/motociclista-morre-em-colisao-na-br-402.html,"TRAGÉDIAO motociclista Evandro Santos de Santana, 38 anos - natural de Parnaíba, morreu nas primeiras horas da manhã deste domingo(12), no trecho da BR 402, em frente a propriedade do Oliveira, depois do bar do limão, na estrada em direção ao município de Chaval no Ceará.A vítima pilotava uma Honda pop, quando colidiu na traseira de alguma estrutura parada ou movimento na rodovia, possivelmente caminhão ou carroça, ou mesmo outro veículo, que não foi localizado na cena do acidente com a chegada da polícia rodoviária federal. O IML removeu o corpo da vítima!Veja fotos e vídeos:Vítima de duas rodasLocal do acidenteNa margem da pista objetos da vítima.O local é palco de muitos acidentes com vítimas fatais ou não.Morador das imediações, Rogério do Nestor, disse à reportagem o seguinte: ""MAIS UM"", se referindo ao número de mortos de acidentes que sempre ocorre ao longo da rodovia por falta de estrutura, principalmente, acostamento.PRF no local do sinistro.",Unknown date
VÍDEO: Monumento do ilustre Dr.D'assis Cajubá colocado na avenida que leva seu nome,https://carlsonpessoa.blogspot.com/2025/01/video-monumento-do-ilustre-drdassis.html,"Na rotatória da BR 402, com a Avenida Dr. D'assis Cajubá, o o monumento com busto do ilustre parnaibano, jurista, e fundador da UFPI Campos de Parnaíba, hoje UFDPAR, conselheiro, dentre outras grandes virtudes dedicadas a cidade de Parnaíba. Uma das figuras mais importantes que eu conheci em vida. E aqui foi colocado nome de Avenida Dr. D'assis Cajubá. Um projeto de lei, do então Vereador Carlson Pessoa, sancionada pelo prefeito Mão Santa, a antiga 19 de Outubro. Saudar a família, em nome dos também amigos, Dr. Roberto Cajubá, Dr. Dassisinho, da Dra. Silvia, do nosso Dr. Cajubá Neto e dos demais filhos e netos.Veja o vídeo abaixo;",Unknown date
Aluguel imóvel comercial no centro de Parnaíba. Confira:,https://carlsonpessoa.blogspot.com/2024/06/aluguel-imovel-comercial-no-centro-de.html,"Excelente imóvel comercial situado no centro de Parnaíba, com várias salas e amplo espaço interno. Agende sua visita.O imóvel conta com 5 salas, 01 recepção, copa/cozinha e 04 banheiros. Confira:",Unknown date
CANTINHO DO CAMARÃO - Funcionando no Calçadão Cultural na Beira Rio e no Ideal Mall na São Sebastião,https://carlsonpessoa.blogspot.com/2024/05/cantinho-do-camarao-funcionando-no.html,,Unknown date
Beto Depósito de Babidas em Geral,https://carlsonpessoa.blogspot.com/2024/04/beto-deposito-de-babidas-em-geral.html,,Unknown date
Tudo pronto para Parnahyba x Oeirense neste domingo(12) no Pedro Alelaf,https://carlsonpessoa.blogspot.com/2025/01/tudo-pronto-para-parnahyba-x-oeirense.html,"O Parnahyba encerrou sua pré-temporada e iniciou o processo de concentração para o duelo com o Oeirense,  neste domingo (12), ás 16h no Estádio Municipal Comendador Pedro Alelaf pela estreia do Campeonato Piauiense 2025.Torcida promete lotar as dependências do Piscinão do Tubarão - Foto:Renneé FonteneleO clube tem seis baixas para 1ª rodada e a última atividade tática ocorreu no estádio Pedro Alelaf, palco do jogo da primeira rodada do torneio - sob o comando do técnico Arnaldo Lira.Para esta estreia, seis jogadores não foram regularizados no sistema de atletas da Confederação Brasileira de Futebol (CBF).São eles:os laterais Raí e Nailton, volante Kennedy, o meia Sukita e o atacante Lorismar. Além deles, o meio-campo Victor Codó sentiu um desgaste muscular e também baixa confirmada.Veja provável escalação do Parnahyba:Janilson, Edson, Emílio, Jailton e Gabriel Gomes; Xexéu, Samuel e Leandro Sobral; Ronda, Rafael Teixeira e Emerson.O Parnahyba vai abrir a temporada de 2025 na disputa do Campeonato Piauiense, onde está no Grupo B junto com Oeirense, 4 de Julho e Piauí.Treino do Parnahyba — Foto: Guilherme CarneiroNa rodada de abertura no sábado (11) , o Atlético Piauiense venceu o River por 2x1 no Estádio Albertão em Teresina, já em Piripiri, na Arena Ytacoatiara o 4 de Julho perdeu para o Piauí por 4x3.O Tubarão do Litoral conta com sua  apaixonada torcida, que é seu 12º jogador que promete um espetáculo à parte na tarde deste domingo.Arbitragem:Árbitro: Jardiel da Rocha Soares;Assistente 1: Rogério de Oliveira Braga;Assistente 2: Raimundo Davi dos Reis Alves;Quarto Árbitro: Lucas de Lima Santos.Por Jornal da Parnaíba",Unknown date
ATENÇÃO - Todos contra a dengue,https://carlsonpessoa.blogspot.com/2024/03/atencao-todos-contra-dengue.html,,Unknown date
Rafael Fonteles anuncia Jelta Veículos como patrocinadora máster do Campeonato Piauiense 2025,https://carlsonpessoa.blogspot.com/2025/01/rafael-fonteles-anuncia-jelta-veiculos.html,"O governador Rafael Fonteles anunciou uma importante conquista para o futebol piauiense: a Jelta Veículos é a nova patrocinadora máster do Campeonato Piauiense 2025, fortalecendo o esporte no estado. Fonteles também parabenizou a TV Clube e a TV Cidade Verde pela iniciativa de transmitir os jogos, contribuindo para a valorização do campeonato.View this post on InstagramA post shared by Rafael Fonteles (@rafael.fonteles)Além disso, o governador destacou o trabalho da Onix, da Federação de Futebol do Piauí e da Secretaria de Esportes do Estado na organização do evento.Os primeiros jogos da competição acontecem neste fim de semana:11/01: Atlético-PI x River-PI (Albertão, 16h)11/01: 4 de Julho x Piauí (Arena Ytacoatiara, 16h)12/01: Altos x Fluminense-PI (Albertão, 16h)12/01: Parnahyba x Oeirense (Pedro Alelaf, 16h)O Campeonato promete ser uma grande atração para os amantes do futebol piauiense.",Unknown date
Viscossuplementação: Dr. Felipe Machado - Dores no Joelho?,https://carlsonpessoa.blogspot.com/2024/10/viscossuplementacao-dr-felipe-machado.html,"Viscossuplementação consiste na aplicação de ácido hialurônico diretamente na articulação, auxilia na absorção de impactos do joelho e diminui a inflamação presentes nos joelhos.Indicação de Artrose e sinovite Procedimento realizado no consultório, entre em contato e agende seu horário.De Felioe MachadoOrtopedistaSubespecialista em joelhoPraiana med . Ao lado OAB , perto quadrilhodromo, Parnaíba Pi(86)99596-6970",Unknown date
CASA À VENDA,https://carlsonpessoa.blogspot.com/2024/03/casa-venda.html,"LOCALIZADA NO RESIDENCIAL CONVIVER “I” – CASA DUPLEX – PRÓXIMO À LOJA
CATATAU PNEUS, BAIRRO SÃO JUDAS TADEU – PARNAÍBA - PI.EDIFICADA EM TERRENO DE ESQUINA, FRENTE PARA O NASCENTE.PAVIMENTO TÉRREO: PISCINA, ÁREA DE LAZER, LAVABO, GARAGEM, SALA, SUÍTE,
COPA, COZINHA, ÁREA DE SERVIÇO E POÇO ARTESIANO.PAVIMENTO SUPERIOR: VARANDA, SUÍTE C/ CLOSET, SALA INTIMA, DUAS SUÍTES
COM DUAS VARANDAS. IMÓVEL COM ÁREA CONSTRUÍDA DE 332,22m², EM LOTE DE
TERRENODE 10m x 35m.CONTATOS: ZAP 86 99935-7566ZAP86 98808-3939ZAP96 98124-7566 - CRECI/PI n° 807",Unknown date
Clinica Viva - Consultas e Exames,https://carlsonpessoa.blogspot.com/2023/07/clinica-viva-consultas-e-exames_27.html,,Unknown date
Vaticano decide permitir que homens gays entrem no seminário,https://carlsonpessoa.blogspot.com/2025/01/vaticano-decide-permitir-que-homens.html,"O Vaticano divulgou novas regras afirmando que homens gays não podem ser rejeitados nos seminários apenas por sua orientação sexual, mas devem, como os demais, manter o celibato. A orientação é que os dirigentes considerem a homossexualidade apenas como um aspecto da personalidade do candidato a padre.A regra não muda o entendimento da Igreja Católica de que ""tendências homossexuais"" são uma ""desordem"", mas deixa de colocar a orientação sexual como um critério eliminatório para os seminaristas.As regras, adotadas na Conferência de Bispos da Itália e aprovadas pelo Vaticano, entraram em vigor esta semana e devem valer por três anos em período de teste.Ao jornal The New York Times, o reverendo James Martin, que defende que Igreja Católica acolha a população LGBTQI+, disse que, em sua leitura, a regra mostra que ""se um homem gay é capaz de levar uma vida emocional saudável, casta e celibatária, ele pode ser admitido no seminário"".Em maio do ano passado, o Papa Francisco chegou a pedir desculpas publicamente por uma fala homofóbica. Ao recomendar que os bispos não acolhessem pessoas homossexuais nos seminários, Francisco havia dito que já havia 'bichice' demais na igreja"".Na ocasião, o Papa havia reafirmado a proibição para homens gays entrassem em seminários e fossem ordenados padres. O porta-voz do Vaticano, Matteo Bruni, disse que ""o papa nunca teve a intenção de ofender ou de se expressar em termos homofóbicos"".Em julho de 2013, em visita ao Brasil, o Papa reafirmou que o casamento entre pessoas do mesmo sexo é um ato pecaminoso, mas ponderou que, ""se uma pessoa é gay e busca a Deus, quem ou eu para julgá-la.""",Unknown date
Energia solar residencial poderá ficar mais cara com aumento de impostos,https://carlsonpessoa.blogspot.com/2025/01/energia-solar-residencial-podera-ficar.html,"Dados da consultoria Greener apontam que o reajuste de impostos sobreplacas solarespode resultar em um aumento de 13% no valor dos sistemas residenciais deenergia solarno Brasil, isso agora no ano de 2025. De acordo com as informações, o cálculo leva em consideração o aumento da alíquota de impostos de importação sobre módulos fotovoltaicos, que passou de 9,6% para 25%, além dareduçãode 13% para 9% dobenefício fiscal para exportaçãodo governo chinês acerca de painéis solares.Assis Fernandes/O DiaEnergia solar residencial poderá ficar mais cara com aumento de impostos; entendaAanálise da Greener leva em conta um sistema residencial de 4 kWp como parâmetro. É avaliado que oaumento médio seja de quase 26%nos preços médios dos módulos fotovoltaicos. Com isso, a demora no retorno do investimento aumentaria em 6,71%, passando de 3 para 3,2 anos.Outro ponto citado pela empresa de consultoria seria acerca do frete para módulos importados da China. Conforme o compilado dos dados que estão no mercado atualmente, caso o preço FOB (Free on Board – modalidade de frete em que o consumidor assume os riscos e custos com o transporte da mercadoria) continue em alta e siga representando 13,87%, o impacto nos preços pode ser ainda maior, sendo 43,42% para os módulos nacionalizados e 22% para o kit fotovoltaico, enquanto o payback passaria para 3,34 anos.Aumento da alíquota de importaçãoEm novembro de 2024, o Comitê-Executivo de Gestão da Câmara de Comércio Exterior (Gecex-Camex) publicou umamudança na alíquota de importação de células fotovoltaicasem resolução publicada no Diário Oficial da União. A alíquota passou de 9,6% para 25%.A medida favorece a produção local de componentes e insumos, como células, wafers e módulos, reduzindo a dependência externa e aumentando o valor agregado no país. A expectativa do Governo Federal é estimular o fortalecimento da indústria solar nacional, contribuindo para a diversificação da matriz energética, alinhando-se aos compromissos ambientais e climáticos do Brasil.Outro detalhe é que a medida impacta as células fotovoltaicas montadas em painéis solares, ou seja, módulos fotovoltaicos já montados. Dessa forma, a medida atende tanto a indústria nacional que fabrica células voltaicas, assim como toda uma cadeia envolvida na elaboração e implementação de projetos de painéis solares. (Ezequiel Araújo)",Unknown date
SENAI: Matriculas abertas para curso de Costureiro Sob Medida,https://carlsonpessoa.blogspot.com/2024/11/senai-matriculas-abertas-para-curso-de_0177786987.html,,Unknown date
ESPECIALIDADES: Hospital Marques Basto,https://carlsonpessoa.blogspot.com/2023/02/hospital-maternidade-dr-marques-basto_0716296828.html,,Unknown date
SESI - Atendimento Médico,https://carlsonpessoa.blogspot.com/2024/06/sesi-atendimento-medico.html,,Unknown date
SENAI: Matriculas abertas para curso de Confeiteiro,https://carlsonpessoa.blogspot.com/2024/11/senai-matriculas-abertas-para-curso-de_0713010570.html,,Unknown date
Governador Rafael Fonteles já cumpriu 73% dos compromissos de campanha,https://carlsonpessoa.blogspot.com/2025/01/governador-rafael-fonteles-ja-cumpriu.html,"Em 2025, o governador Rafael Fonteles entra para o terceiro ano à frente do Governo do Piauí. Os dois primeiros anos de sua gestão foram marcados por avanços expressivos e conquistas relevantes para o estado, com o cumprimento de 73% dos compromissos assumidos durante a campanha eleitoral de 2022. Das 178 propostas firmadas, 130 já foram integralmente atendidas, o que corresponde a 73% do total. As 48 restantes estão em andamento, de forma a serem cumpridas antes mesmo do último ano de gestão.Para se ter uma ideia desse avanço na implementação de ações e projetos, o ano de 2024 foi marcado por conquistas significativas nas áreas da educação, segurança, saúde, infraestrutura e empreendedorismo. Por meio de investimentos estratégicos nesses e em outros setores, o Piauí se consolida como um modelo de transformação social, econômica, tecnológica e energética, trilhando um caminho sólido de crescimento sustentável rumo ao futuro.EducaçãoEm 2024, o Piauí obteve seu melhor desempenho no Índice de Desenvolvimento da Educação Básica (Ideb),destacando-se como o estado com o melhor ensino médio do Nordeste e o quarto melhor do Brasil. Esse avanço resulta do investimento de R$ 1,5 bilhão no programa Moderniza Seduc, com o objetivo de tornar o Piauí o primeiro estado brasileiro a ter 100% das escolas de ensino médio funcionando em tempo integral até o fim deste ano. Atualmente, mais de 350 unidades já operam nesse formato.Além disso, 324 escolas passaram por reformas em sua infraestrutura, somando um investimento de R$ 159,5 milhões. Até o momento, foram inauguradas 42 escolas, três sedes de Gerências Regionais de Educação (GRE) e um centro especializado, com 283 outras estruturas em obras.SegurançaCom investimentos estratégicos, o Piauí está se consolidando como um dos estados mais seguros do Norte-Nordeste, registrando reduções contínuas nos crimes violentos, especialmente o roubo. A ampliação de grupamentos militares no interior, aumento do efetivo policial e ações como a Patrulha Cidadã contribuíram para reduzir os índices de criminalidade.Um destaque nacional foi o protocolo de recuperação de celulares roubados, adotado como modelo pelo Ministério da Justiça. No ano de 2024, mais de 6.330 celulares foram recuperados, um aumento de 69% em relação a 2023. A redução de roubos, que caiu 33% de 2023 para 2024, reflete o sucesso das ações.SaúdeA Saúde no Piauí alcançou avanços significativos em 2024, com foco na descentralização e modernização dos serviços hospitalares. A criação de mais de 200 novos leitos e melhorias na infraestrutura em várias regiões estão garantindo um atendimento médico mais ágil e eficiente, especialmente no interior do estado.Outro marco foi o avanço do programa Piauí Saúde Digital, que em apenas um ano alcançou 222 municípios, com mais de 250 mil procedimentos (consultas e exames) realizados. Mais de 1.000 Unidades Básicas de Saúde (UBS) já estão equipadas com salas do programa.A inovação também está presente no formato mobile, o aplicativo do Piauí Saúde Digital oferece consultas com clínicos gerais disponíveis 24 horas, além de monitoramento de dados vitais, como pressão arterial, frequência cardíaca e nível de estresse mental. O app ainda facilita a renovação de receitas médicas para pacientes com doenças crônicas, contribuindo para a continuidade do tratamento e a comodidade dos usuários.Infraestrutura rodoviária e nas cidadesO Departamento de Estradas de Rodagem (DER) do Piauí tem impulsionado a malha rodoviária do estado, que ganhou mais de 800 km de novas rodovias pavimentadas. Em dois anos, mais de R$1 bilhão foi investido, só por esse órgão, em obras que reduziram distâncias entre diferentes regiões do estado, possibilitando um crescimento econômico e social significativo. Até 2026, a meta do DER é ampliar ainda mais a malha rodoviária piauiense, atingindo 1.500 km a mais em extensão. Além dos novos trechos, mais de 7 mil km da malha já existente foram recuperados.Já na mobilidade urbana, com obras executadas pelo Instituto de Desenvolvimento do Piauí (Idepi), em 2024 foram 101 ações de pavimentação em paralelepípedo, beneficiando mais de 40 cidades e totalizando uma área de 714.855 m² de vias pavimentadas, com um investimento total de R$ 76.135.205,50. Já em pavimentação asfáltica foram 20 cidades contempladas, com projetos distribuídos em diversos contratos somando 212,58 km de vias pavimentadas e investimento total de R$ 133.389.322,43.Orçamento Participativo (OPA)Em 2024, o Orçamento Participativo (OPA) priorizou as necessidades reais da população, destinando a maior parte dos recursos, 55,98%, para a mobilidade urbana e urbanização.Outras áreas como esporte e lazer (26,53%), segurança e justiça (7,58%),cultura (6,71%) e assistência social (3,21%) também receberam atenção significativa.Até o momento, 95,45% das propostas da edição do programa para 2024 estão concluídas ou em andamento,totalizando R$ 53.949.409,76 investidos. Os recursos têm impactado diretamente a infraestrutura e a qualidade de vida de diversas comunidades, com 308.317,88 m² de pavimentação asfáltica e 65.581 m² de calçamento já realizados. Esses avanços beneficiaram especialmente Teresina e Parnaíba, cidades contempladas na primeira edição do programa.Em 2025 serão executadas 148 propostas. As iniciativas serão implementadas nos municípios de Teresina, Parnaíba, Picos, Piripiri e Floriano, abrangendo uma ampla gama de ações e obras em diferentes áreas. O valor total para a execução dessas propostas é de R$ 69.768.501,52, que será distribuído conforme as propostas eleitas por meio de voto popular.EmpreendedorismoO ano de 2024 foi um marco para o empreendedorismo no Piauí, consolidando o estado como líder nacional na agilidade para a abertura de novas empresas. De acordo com o balanço anual da Junta Comercial do Piauí (Jucepi), durante todo o ano, o Piauí manteve a primeira posição no ranking nacional, chegando à uma média recorde de 28 minutos em janeiro de 2024.Esse desempenho contribuiu para o crescimento significativo no número de empreendimentos no estado. Ao todo, mais de 30 mil novas empresas foram registradas, representando um aumento de 4,94% em comparação ao ano anterior.Entre as categorias, os microempreendedores individuais (MEI) foram destaque, com 21.271 novos registros. Em seguida, vieram as microempresas (ME), com 7.064 novos empreendimentos, e as empresas de pequeno porte (EPP), que totalizaram 1.327.Outras categorias somaram 697 novos empreendimentos, demonstrando o ambiente favorável ao empreendedorismo em diversas frentes no estado.Áreas em que o Governo do Estado cumpriu mais compromissos:Desenvolvimento Social– 45 compromissos, sendo 34 concluídos e 11 em andamentoDesenvolvimento Econômico–29 compromissos, sendo 22 concluídos e 7 em andamentoGestão– 18 compromissos,sendo 10 concluídos e 8 em andamentoEducação– 16 compromissos,sendo 15 concluídos e 1 em andamentoMeio Ambiente– 16 compromissos, sendo 12 concluídos e 4 em andamentoDesenvolvimento Rural– 13 compromissos, sendo 11 concluídos e 2 em andamentoSegurança– 13 compromissos,sendo 9 concluídos e 4 em andamento.Fonte:Governo do Piauí",Unknown date
ESPECIALIDADES: Hospital Marques Basto,https://carlsonpessoa.blogspot.com/2023/02/hospital-maternidade-dr-marques-basto.html,,Unknown date
Mensagem de um amigo,https://carlsonpessoa.blogspot.com/2025/01/mensagem-de-um-amigo.html,"É com muita tristeza e saudade que recebo esta notícia. Tio Carlos Antônio foi um bom pai, um bom irmão, um bom tio, um bom amigo.Com ele aprendi a nadar na piscina da AABB. Em sua companhia, das minhas primas e da tia Magali assisti a muitos filmes de faroeste americano, de índios,  no Cine Teatro Éden.Por décadas seguidas, recebi ligações dele na data do meu aniversário. Na última delas, ele me disse há três anos: no próximo ano, se ainda estiver por aqui, ligarei pra você no seu aniversário.Por tudo isso, sou muito grato a ele. Jamais o esquecerei.Lamento muito não estar presente em sua despedida. Ele, contudo, permanecerá vivo em minhas lembranças do tio que foi sempre presente em minha vida.Que Deus conforte o coração de sua família, sobretudo da Rúbia, Rosana e Regina.Emocionado, compartilho com vocês a dor dessa partida do meu querido tio Carlos Antônio.A Claudia lhes envia um abraço.Fernando Ferraz",Unknown date
SESI - Reserve sua vaga  para 2025 no Ensino Médio,https://carlsonpessoa.blogspot.com/2024/11/sesi-reserve-sua-vaga-para-2025-no.html,,Unknown date
Benefícios do Plano de Assistência Familiar Pax União.,https://carlsonpessoa.blogspot.com/2024/06/beneficios-do-plano-de-assistencia.html,,Unknown date
"Suspeita de envenenar caju e entregar as crianças em Parnaíba, pode ganhar liberdade",https://carlsonpessoa.blogspot.com/2025/01/suspeita-de-envenenar-caju-e-entregar.html,"Lucélia Conceição chega à Central de Flagrantes sob proteção policialApós a descoberta de que Francisco de Assis Pereira, 52 anos, ser o principal suspeito de envenenar nove membros da mesma família em Parnaíba-PI, o caso do envenenamento dos meninos Ulisses Gabriel, 8 anos, e João Miguel, 7 anos, pode sofrer uma reviravolta .Diante desse novo caso de envenenamento, o Ministério Público agora quer saber se há relação entre os crimes. O promotor Silas Sereno informou que vai pedir a soltura de Lucélia, que está presa desde o dia 23 de agosto, acusada de envenenar as duas crianças, Ulisses e João Gabriel  em agosto de 2024.Os meninos foram internados após apresentar sintomas de intoxicação. No tempo a Polícia Civil prendeu uma vizinha dos meninos, Lucélia Maria da Conceição, 52 anos, apontada como suspeita de ter dado as sacolas com cajus, supostamente envenenados, aos dois meninos. Na casa dela a perícia encontrou substância semelhante a utilizada para envenenar as duas crianças. Isso não significa que a idosa esteja livre das acusações. Ela segue respondendo ao processo, e pode ser colocada em liberdade.Os dois meninos foram internados em Parnaíba e chegaram a ser transferidos para o Hospital de Urgência de Teresina (HUT), João Miguel faleceu no dia 28 de agosto. Ulisses faleceu no dia 10 de novembro.Agora se sabe que a substância utilizada para matar Ulisses Gabriel e João Miguel, foi a mesma utilizada para envenenar outros membros da família deles, o terbufós.O advogado que defende Lucélia Maria, Sammai Cavalcante,  afirmou que o novo caso de envenenamento da família de Ulisses e João Miguel pode mudar o curso das investigações que pesam sobre Lucélia.“O caso está mudando de curso. Agora apareceram novos fatos, uma nova investigação está em curso e um novo suspeito foi apontado. Além disso, novas provas periciais serão apresentadas. Agora aguardamos o exame técnico determinando ou não a contaminação dos frutos consumidos pelos meninos”, finalizou.(piauihoje)",Unknown date
ESPECIALIDADES: Hospital Marques Basto,https://carlsonpessoa.blogspot.com/2024/03/hospital-maternidade-dr-marques-basto.html,,Unknown date
Inmet alerta para chuvas neste sábado nas 224 cidades do Piauí,https://carlsonpessoa.blogspot.com/2025/01/inmet-alerta-para-chuvas-neste-sabado.html,"O
Instituto Nacional de Meteorologia (Inmet)
emitiu, neste sábado (11), dois alertas de chuva para todas as 224 cidades do
Piauí. Os alertas são válidos até as 12h deste domingo, 12 de janeiro.Alerta
LaranjaO
alerta prevê chuvas entre 30 e 60 mm/h ou 50 e 100 mm/dia, com ventos intensos
de até 100 km/h, queda de galhos e risco de interrupção de energia elétrica. O
aviso é válido para as regiões Sudeste, Centro-Norte e Sudoestedo Piauí.Alerta
AmareloO
boletim meteorológico amarelo prevê chuvas de até 50 mm/dia e é válido para as
cidades das regiões Sudeste Piauiense, Centro-Norte Piauiense, Sudoeste
Piauiense e Norte Piauiense.Previsão
do tempo na capital piauiensePara
este sábado, continuam previstas chuvas em Teresina. A temperatura máxima é de
30 °C, enquanto a mínima
esperada é de 25 °C.OrientaçõesO
Inmet alerta que em caso de rajadas de vento, a população não deve se abrigar
debaixo de árvores. Além disso, o órgão de meteorologia também recomenda:-
Não estacionar veículos próximos a torres de transmissão e placas de
propaganda;-
evitar usar aparelhos eletrônicos ligados à tomada;-
não use equipamentos elétricos que tenham sido molhados ou em locais inundados,
devido ao risco de choque elétrico;-
não estacionar veículos próximos a torres de transmissão e placas de
propaganda;A
população piauiense pode buscar mais informações junto à Defesa Civil (199) e
Corpo de Bombeiros (193).",Unknown date
ESPECIALIDADES: Hospital Marques Bastos,https://carlsonpessoa.blogspot.com/2022/10/hospital-e-maternidade-marques-bastos.html,,Unknown date
"Fiscalização da campanha ""Deixa o caranguejo namorar"" começa na segunda- feira (13) no Litoral Piauiense",https://carlsonpessoa.blogspot.com/2025/01/fiscalizacao-da-campanha-deixa-o.html,"O Governo do Piauí, por meio da Secretaria de Meio Ambiente e Recursos Hídricos (Semarh), realizará ações de fiscalização durante o período de defeso do caranguejo-uçá. A operação inicia nesta segunda-feira (13) e segue até 18 de janeiro, em Parnaíba, Luiz Correia, Ilha Grande, Cajueiro da Praia. A mobilização tem com o objetivo combater a cata ilegal e proteger o caranguejo-uçá durante o período de defeso.Durante a fiscalização, além das vistorias em mercados, peixarias e restaurantes, e das incursões nos manguezais para verificar o cumprimento da lei que proíbe a cata do crustáceo durante o período de defeso, também é realizado um trabalho de conscientização junto aos catadores locais.""A Semarh reforça que a fiscalização será rigorosa, pois estaremos no Litoral piauiense com três auditores fiscais ambientais, três equipes de segurança da Secretaria e teremos também o apoio da Companhia independente de Policiamento Ambiental da região Norte. Tudo para garantir a reprodução do animal"", afirmou major Dênio Marinho.A penalidade administrativa prevista para o caso de peça em período proibido é de aplicação de multa, que pode variar de R$ 700 a R$ 100 mil, com a possibilidade de acréscimo de R$ 20 a cada quilo de material encontrado.O período do defeso em 2025 compreende cinco etapas, em que é proibida a captura, o transporte, a industrialização e a comercialização do caranguejo-uçá. Os próximos períodos do defeso são: 29 de janeiro a 3 de fevereiro; 27 de fevereiro a 4 de março e 29 de março a 3 de abril.A Secretaria reforça para a pessoas físicas ou jurídicas envolvidas na criação em cativeiro, conservação, beneficiamento, industrialização ou comercialização do caranguejo-uçá que será necessário apresentar Declaração de Estoque ao Instituto Brasileiro do Meio Ambiente e dos Recursos Naturais Renováveis (Ibama) até o último dia útil anterior ao início de cada período de defeso.",Unknown date
SESI Saúde retoma atendimento odontológico em Parnaíba,https://carlsonpessoa.blogspot.com/2023/11/sesi-saude-retoma-atendimento_0724871544.html,"O SESI Saúde, departamento  ligado ao Serviço Social da Indústria de Parnaíba (SESI Parnaíba), informa que retornaram os atendimentos odontológicos para os trabalhadores da indústria.A agenda de atendimentos já está aberta, sendo que basta os interessados reservarem a consulta por meio do Whatsapp: 3322-3041. Os atendimentos ocorrem na sede do Centro Esportivo Dirceu Arcoverde (Verdinho), situado na Rua Flankin Veras, 383, no Bairro Nossa Senhora de Fátima.",Unknown date
Policia Civil e Militar fecham boca de fumo e três suspeitos são presos em Buriti dos Lopes,https://carlsonpessoa.blogspot.com/2025/01/policia-civil-e-militar-fecham-boca-de.html,"Imagens: Policia Civil do Estado do PiauíNesta sexta-feira (10/01), uma ação conjunta da Polícia Civil e do Grupamento da Policia Militar (GPM), de Buriti dos Lopes, resultou nas prisões em flagrante dos nacionais de iniciais T.S.S, A.S.C e C.D.S.S, e na apreensão de drogas em uma residência na rua Santo Antônio no bairro Campo Redondo.De acordo com a polícia, no local foram apreendidas 46 trouxinhas de crack, 02 pedaços grande da mesma substancia, uma balança de precisão, vários saquinhos de “dindim” utilizam para a endolação das drogas, e uma quantia em no valor de R$ 610,00, em dinheiro trocado, o que configura ainda mais o tráfico - parte das drogas foram encontradas no quintal.Todo o material foi apreendido e levado à sede da Delegacia, onde os suspeitos foram autuados em Flagrante delito pelos crimes de tráfico de droga, associação para o tráfico e receptação.Informações: Policia Civil do Estado do Piauí.",Unknown date
SENAI: Matriculas abertas para curso de Padeiro(gratuito),https://carlsonpessoa.blogspot.com/2024/11/senai-matriculas-abertas-para-curso-de_0416206264.html,,Unknown date
Gov. Rafael Fonteles demite sete servidores públicos por abandono de função e acúmulo de cargos,https://carlsonpessoa.blogspot.com/2025/01/gov-rafael-fonteles-demite-sete.html,"O governador do Piauí, Rafael Fonteles, decretou a demissão de sete servidores públicos, sendo dois por acumulação ilegal de cargos e cinco por abandono de funções. A decisão foi formalizada por meio de decretos publicados no Diário Oficial do Estado em (09/01).As demissões ocorreram após processos administrativos conduzidos pela Corregedoria-Geral do Estado, que identificaram irregularidades nas condutas dos servidores, em violação ao Estatuto dos Servidores Públicos Civis do Estado. Entre os demitidos estão Rita de C. e S. e Paulo C. A. de A., ambos desligados por acumulação ilegal de cargos, além de Flávia P. D. de A. L., Bruno M. M., André A. de L. M., Francisco das C. L. S. e Bruno R. da S. G., que foram afastados por abandono de cargo.A acumulação de cargos públicos é proibida pela Constituição, salvo em situações específicas, como a compatibilidade de horários entre dois cargos de professor ou em áreas de saúde. Rita acumulava o cargo de telefonista na Secretaria de Saúde do Piauí com o de professora na Secretaria de Educação, o que levou à sua demissão. Já Paulo foi desligado por acumular funções de professor e agente de operação na Prefeitura de Campo Maior.Outros servidores foram demitidos por faltas prolongadas e injustificadas. A enfermeira Flávia  não compareceu ao trabalho de janeiro de 2019 a setembro de 2020, e Bruno Marques Melo, técnico de radiologia, abandonou suas funções por quase dois anos. Além disso, André Alexandre, Francisco e Bruno não retornaram ao trabalho após licenças ou faltaram por longos períodos, sem justificativas válidas.",Unknown date
ESPECIALIDADES: Hospital Marques Basto,https://carlsonpessoa.blogspot.com/2024/08/especialidades-hospital-marques-basto.html,,Unknown date
PAX UNIÃO INFORMA - NOTA DE FALECIMENTO,https://carlsonpessoa.blogspot.com/2025/01/pax-uniao-informa-nota-de-falecimento_11.html,"A PAX UNIÃO, em nome das famílias enlutadas, cumpre o seu doloroso dever de comunicar o falecimento das seguintes pessoas:1. EDINALDO CORDEIRO DA SILVA, 53 anos de idade,falecido na madrugada do dia (10.01.2025) em sua residência na Rua Madeira Brandão, n°890, Bairro de Fátima. O sepultamento foi realizado no cemitério da Fraternidade.2. CARLOS EDUARDO SALES DO NASCIMENTO, 19 anos de idade,falecido às 13h do dia (10.01.2025) em sua residência no Conjunto Morada da Universidade, n°280, Bairro Frei Higino. O sepultamento será realizado às 10h de hoje (11.01.2025) no cemitério Santana.3. CARLOS ANTÔNIO FERREIRA DO ESPIRITO SANTO, 94 anos de idade, falecido na madrugada de hoje (11.01.2025) no Hospital Marques Basto em Parnaíba-PI. O corpo está sendo velado no ESPAÇO VELATORIO VIP DA PAX UNIÃO. O sepultamento será logo mais às 17h no cemitério da Igualdade.A PAX UNIÃO, em nome das famílias enlutadas, agradece a todos que comparecerem a este ato de fé e piedade cristã.Informou a Pax UniãoParnaíba – PI, 11 de Janeiro de 2025.",Unknown date
Florentino Neto aponta existir interferências externas na gestão do prefeito Francisco Emanuel,https://carlsonpessoa.blogspot.com/2025/01/florentino-neto-aponta-existir.html,"O deputado federalFlorentino Neto (PT)comentou aoPortal O Diasobre a nomeação do ex-prefeito Mão Santacomo secretário imediato da gestão deNovo Francisco (PP)e afirmou haver interferências externas na prefeitura de Parnaíba.Assis Fernandes / O DIAFlorentino Neto, deputado federal pelo PTFlorentino destacou que não vê problemas emMão Santa assumir um cargo na prefeitura, já que o ex-prefeito ocupava anteriormente a cadeira do executivo.“Se o grupo político dele foi o vencedor das eleições, eu não tenho nada a dizer, não sou nada, não tenho nada contra isso, certo? Mas interferências externas na administração, teve na anterior, está tendo na atual e a tendência é que vá ter até o futuro.”Sobre as interferências na administração de Parnaíba, Florentino Neto cita diretamente a tambémdeputada estadual Gracinha (PP), a quem acusa de ser a pessoa que sempre interferiu na administração pública da cidade.“Ela é secretária municipal? Não é. Ela é prefeita? Não é. Ela é vice-prefeita? Não é. Ela é deputada estadual. Mas todo mundo sabe da interferência que ela já exercia na administração anterior. E vai continuar exercendo na atual administração.”, finalizou o deputado. (O Dia)",Unknown date
SENAI: Matriculas abertas para curso de Mecânico de Motores Ciclo Otto,https://carlsonpessoa.blogspot.com/2024/11/senai-matriculas-abertas-para-curso-de.html,,Unknown date
NOTA DE FALECIMENTO: Morre Carlos Antônio Ferreira do Espírito Santo,https://carlsonpessoa.blogspot.com/2025/01/nota-de-falecimento-morre-carlos.html,"Faleceu na madrugada deste sábado(11) em Parnaíba o bancário (BB) aposentado Carlos Antônio Ferreira do Espírito Santo aos 94 anos de idade. O velório acontece a partir das 8hs da manhã deste sábado no salão de velório da PAX UNIÃO.De já a família agradece a todos que comparecerem.Com a permissão da família, o BLOG DO PESSOA, homenageia este ilustre parnaibano, com um ""Saudações Tricolores"", por se tratar do FLUMINENSEFOOTBALLCLUB, uma das suas paixões em vida!",Unknown date
DonaMana Água Mineral,https://carlsonpessoa.blogspot.com/2022/02/donamana-agua-mineral_0464439929.html,Envie uma mensagem para Água Donamana no WhatsApp clicandoaqui+55 86 2222-0909,Unknown date
"Primeiro equipamento de angiografia com inteligência artificial do Norte, Nordeste e Centro Oeste é instalado no Hospital Marques Basto em Parnaíba - PI",https://carlsonpessoa.blogspot.com/2025/01/primeiro-equipamento-de-angiografia-com.html,"O primeiro equipamento de angiografia com Inteligência Artificial disponível nas regiões Norte, Nordeste e Centro Oeste do Brasil foi instalado no Hospital Marques Basto em Parnaíba, Piauí em novembro do ano passado e apresentado formalmente pelo líder clínico da Ge Healthcare no dia 10 de janeiro para médicos e profissionais que atuam no Centro de Medicina Intervencionista do HMB.Já em funcionamento o novo equipamento realiza procedimentos cardíacos, vasculares e neurológicos. Com uma tecnologia avançada o Allia IGS 5, é um assistente confiável para terapias guiadas por imagem auxiliando na realização de tarefas de forma natural em um ambiente personalizado, garantindo que nada interfira entre médico e paciente, proporcionando procedimentos mais eficientes e sem esforço.“Estamos muito felizes em disponibilizar para todo o Piauí um equipamento como o Allia levando mais possibilidades de tratamento para os pacientes atendidos pelo Hospital Marques Basto. Há 8 anos atuamos com a Hemodinâmica para pacientes SUS, particular e convênio e com esse novo equipamento iniciamos o ano celebrando os 85 anos de hospital levando mais qualidade no tratamento e atendimento aos pacientes que nos procuram”, falou Mirócles Campos Véras Neto, Presidente do Hospital.Médicos e outros profissionais da saúde que atuam no Centro de Medicina Intervencionista do HMB, diretoria e convidados acompanharam a apresentação técnica e de casos clínicos pelo líder clínico e engenheiro mecatrônico da GE, Rodrigo Souza. “Hoje apresentamos casos clínicos e realizamos uma visita técnica a convidados ao equipamento de angiografia com inteligência artificial mostrando todas as possibilidades de uso no diagnóstico e tratamento de doenças”, Rodrigo.Todos os dias são realizados cerca de 7 procedimentos em pacientes do estado do Piauí, no HMB, regulados pelo estado e município através do SUS, além de particular e convênio. O Centro de Medicina Intervencionista tem como responsável técnico o médico cardiologista, intervencionista e hemodinamicista Eduardo Erudilho.",Unknown date
Agropecuária Industria e Comercio Santos Ltda. - ARROZ LONGÁ,https://carlsonpessoa.blogspot.com/2022/05/agropecuaria-industria-e-comercio.html,"Rua Dr. João Goulart, 810 no Bairro São José em Parnaíba(PI). Cep 64218- 030 - Fone: 86 33212377.",Unknown date
OFERTAS DA SEMANA PARAÍBA,https://carlsonpessoa.blogspot.com/2025/01/ofertas-da-semana-paraiba_0798099772.html,,Unknown date
Utilidade Publica,https://carlsonpessoa.blogspot.com/2024/10/utilidade-publica_21.html,,Unknown date
"Assassino de família envenenada é serial Killer e polícia estuda possível exumação, diz perito",https://carlsonpessoa.blogspot.com/2025/01/assassino-de-familia-envenenada-e.html,"Perito Geral da Polícia Técnico-Científica do Piauí. | Jéssica Machado/ Reprodução Redes sociais“Existe um serial killer por trás de tudo isso sim”,afirmou o Perito Geral da Polícia Técnico-Científica do Piauí, o médico legista Antônio Nunes, sobre o caso da família envenenada em Parnaíba, litoral do Piauí. Até o momento, seis pessoas foram mortase a polícia estuda a exumação do corpo do ex-companheiro de uma delas, sob hipótese que esteja ligado ao caso.“Eu não posso afirmar que é o preso, aí a situação de investigação, mas, posso afirmar que pelo método de assinatura, nós somos diante um serial killer. Sem sombra de dúvida. Isso é característica principal. Quem é, o que, é resolvido lá com a investigação e com o Ministério Público”, afirmou o perito.O primeiro caso ocorreu em agosto de 2024, onde dois irmãos faleceramapós comerem cajus. Na época, a vizinha da família, Lucélia Maria da Conceição Silva, de 52 anos, foi presa suspeita de cometer o crime. No início de janeiro de 2025, outras quatro pessoas da mesma família foram a óbito após consumirem um arroz requentado e o padrasto de duas das vítimas, Fancisco de Assis Pereira da Costa, de 53 anos, foi preso apontado como autor.Relação entre ambos os casos./Arte: Jéssica MachadoQUAIS AS CARACTERÍSTICAS DE UM SERIAL KILLER“A assinatura, você mata sempre do mesmo jeito. Todo serial killer, ele mata várias pessoas em série, por isso que chama Serial Killer,  foram mortas várias em série. Além disso, você tem o método, sempre daquela forma. Então método e assinatura tá? E é matando pessoas que não têm nenhuma relação com alguém de dígamos, de inimizade, de alguma coisa, é o matar por matar. Serial Killer ele mata pela maldade nata, pela amoralidade que tem o sociopata, psicopata.  Não tem empatia pelo outro. […] São pessoas que morreram com veneno, inocentes, criancinhas, inclusive. Isso não é característica do inimigo, isso de alguém que tem a maldade nata, ou seja, não tem aquelas emoções que tem normalmente o ser humano comum É a moral não tem empatia e tem assinatura e método””, explicou o médico legista.CAJUS ESTÃO SOB ANÁLISEConforme o perito, os cajus consumidos por Ulisses Gabriel e João Miguel estão sob exames para determinar se estavam contaminados ou não. Ele realçou que o resultado pode sair durante este fim de semana.“A polícia científica dará resposta de cada um desses exemplos e esse vai sair logo assim, como a gente tá trabalhando nos exames também do próprio suspeito e de mais alguns que tem”,disse.EXUMAÇÃOForam encontrados terbufós,  semelhante ao raticida conhecido como “chumbinho”, no organismo das vítimas que comeram o arroz.  O médico relatou que o produto também foi encontrado, em uma dose muito alta, em um gato. Diante das novas vertentes, a polícia estuda a exumação do corpo do ex-companheiro de Francisca Maria, que morreu em 2023.“A gente tá estudando o caso. Vou receber alguns documentos do Ministério Público, da delegacia, talvez precisa pegar algumas informações com a família, com quem está lá ainda. […] O que eu tenho é que ele morreu com os náuseas e vômitos. Devo ter acesso ainda hoje ou amanhã a declaração de óbito da época,  ver o que está escrito pelo médico que declarou”, afirmou. (Jéssica Machado/MN)",Unknown date
"Veja para quanto vai a sua aposentadoria do INSS com reajuste de 4,77%",https://carlsonpessoa.blogspot.com/2025/01/veja-para-quanto-vai-sua-aposentadoria.html,"Aposentados e pensionistas do INSS (Instituto Nacional do Seguro Social) começarão a receber seus benefícios reajustados a partir de 27 de janeiro, quando os que ganham o salário mínimo, de R$ 1.1518 neste ano, têm seus depósitos referentes à folha de janeiro.Quem recebe mais do que o piso terá o primeiro benefício com o reajuste de 4,77% a partir de 3 de fevereiro. A data do depósito depende de qual é o final do número do benefício, sem considerar o último dígito verificador, que aparece depois do traço.O advogado Wagner da Silva e Souza calculou qual será a renda de aposentados e pensionistas em 2025. Os cálculos consideram o valor bruto, o índice de reajuste do INPC (Índice Nacional de Preços ao Consumidor), divulgado pelo IBGE (Instituto Brasileiro de Geografia e Estatística) nesta sexta-feira (10), e o desconto do Imposto de Renda pelas regras atuais.Para quem não é isento, o INSS aplicará o desconto do Imposto de Renda sobre o novo benefício reajustado. Aposentados e pensionistas a partir de 65 anos têm direito de pagar menos imposto sobre a renda do benefício.Os cálculos valem para todos que receberam a aposentadoria ou pensão durante todo o ano de 2024, já que os benefícios que começaram a ser pagos a partir de fevereiro de 2024 terão o primeiro reajuste proporcional.Confira o valor da sua aposentadoria em 2025:Para quem tem menos de 65 anos:Valor em 2024 - Valor em 2025 - Valor líquido em 2025R$ 1.412,00 - R$ 1.518,00 - R$ - - R$ 1.518,00R$ 1.500,00 - R$ 1.571,55 - R$ - - R$ 1.571,55R$ 2.000,00 - R$ 2.095,40 - R$ - - R$ 2.095,40R$ 2.500,00 - R$ 2.619,25 - R$ - - R$ 2.619,25R$ 3.000,00 - R$ 3.143,10 - R$ 23,93 - R$ 3.119,17R$ 3.500,00 - R$ 3.666,95 - R$ 83,88 - R$ 3.583,07R$ 4.000,00 - R$ 4.190,80 - R$ 162,46 - R$ 4.028,34R$ 4.500,00 - R$ 4.714,65 - R$ 270,94 - R$ 4.443,71R$ 5.000,00 - R$ 5.238,50 - R$ 389,26 - R$ 4.849,24R$ 5.500,00 - R$ 5.762,35 - R$ 533,32 - R$ 5.229,03R$ 6.000,00 - R$ 6.286,20 - R$ 677,38 - R$ 5.608,82R$ 6.500,00 - R$ 6.810,05 - R$ 821,44 - R$ 5.988,61R$ 7.000,00 - R$ 7.333,90 - R$ 965,50 - R$ 6.368,40R$ 7.500,00 - R$ 7.857,75 - R$ 1.109,55 - R$ 6.748,20R$ 7.786,02 - R$ 8.157,41 - R$ 1.191,96 - R$ 6.965,45Confira o valor da sua aposentadoria em 2025Para beneficiários com mais de 65 anos:Valor em 2024 - Valor em 2025 - Valor líquido em 2025 - Base de cálculo IR com dedução R$ 1903,98R$ 1.412,00 - R$ 1.518,00 - R$ - - R$ 1.518,00 - R$ -R$ 1.500,00 - R$ 1.571,55 - R$ - - R$ 1.571,55 - R$ -R$ 2.000,00 - R$ 2.095,40 - R$ - - R$ 2.095,40 - R$ -R$ 2.500,00 - R$ 2.619,25 - R$ - - R$ 2.619,25 - R$ -R$ 3.000,00 - R$ 3.143,10 - R$ - - R$ 3.143,10 - R$ -R$ 3.500,00 - R$ 3.666,95 - R$ - - R$ 3.666,95 - R$ -R$ 4.000,00 - R$ 4.190,80 - R$ - - R$ 4.190,80 - R$ -R$ 4.500,00 - R$ 4.714,65 - R$ - - R$ 4.714,65 - R$ -R$ 5.000,00 - R$ 5.238,50 - R$ 38,28 - R$ 5.200,22 - R$ 3.334,52R$ 5.500,00 - R$ 5.762,35 - R$ 112,59 - R$ 5.649,76 - R$ 3.858,37R$ 6.000,00 - R$ 6.286,20 - R$ 196,15 - R$ 6.090,05 - R$ 4.382,22R$ 6.500,00 - R$ 6.810,05 - R$ 314,01 - R$ 6.496,04 - R$ 4.906,07R$ 7.000,00 - R$ 7.333,90 - R$ 441,90 - R$ 6.892,00 - R$ 5.429,92R$ 7.500,00 - R$ 7.857,75 - R$ 585,96 - R$ 7.271,79 - R$ 5.953,77R$ 7.786,02 - R$ 8.157,41 - R$ 668,37 - R$ 7.489,04 - R$ 6.253,43O segurado também pode conferir, entre cinco e sete dias antes de começar o pagamento do mês de competência, o valor de pagamento no aplicativo ou site Meu INSS, por meio do extrato de pagamento.Há ainda a possibilidade de acessar o documento pelo telefone, ligando para a Central 135, de segunda-feira a sábado, das 7h às 22h. Neste caso, o beneficiário precisa informar o número de CPF e confirmar dados cadastrais.É importante checar com frequência no extrato se o valor está sendo depositado corretamente, sem descontos indevidos.",Unknown date
Lula veta pensão vitalícia para crianças com microcefalia causada pelo Zika,https://carlsonpessoa.blogspot.com/2025/01/lula-veta-pensao-vitalicia-para.html,"Na
quinta-feira (9), foi publicada no Diário Oficial da União uma medida
provisória assinada pelo presidenteLuiz Inácio Lula da Silva, que estabelece apoio
financeiro para crianças nascidas com deficiências relacionadas à síndrome
congênita causada pelo vírus da zika. Contudo, o presidente vetou integralmente
um projeto de lei aprovado pelo Congresso Nacional, que previa o pagamento de
pensão mensal vitalícia a essas crianças.O projeto vetado estabelecia uma indenização por danos morais no
valor de R$ 50 mil, além de uma pensão mensal equivalente a R$ 7.786,02,
vinculada ao Regime Geral de Previdência Social. Os pagamentos seriam
corrigidos anualmente pela inflação, com base no Índice Nacional de Preços ao
Consumidor (INPC), e estariam isentos de imposto de renda.O veto
presidencial ainda poderá ser revisado e derrubado em uma sessão conjunta do
Congresso Nacional. A decisão gerou indignação entre mães de crianças afetadas
pela microcefalia causada pelo zika, que há anos lutam por reconhecimento e
assistência.Elas argumentam que o veto ignora a vulnerabilidade das famílias
que enfrentam altos custos para garantir qualidade de vida e tratamentos
adequados para as crianças. A medida provisória editada pelo presidente oferece
alternativas de apoio, mas muitas famílias afirmam que isso não substitui a
pensão vitalícia, que seria um amparo mais consistente.",Unknown date
Severo Eulálio antecipa discussões sobre o cenário financeiro da ALEPI,https://carlsonpessoa.blogspot.com/2025/01/severo-eulalio-antecipa-discussoes.html,"O futuro presidente da Assembleia Legislativa do Piauí (ALEPI), Severo Eulálio (MDB), anunciou que se reunirá com o atual presidente, Franzé Silva (PT), na próxima semana para avaliar a situação financeira da Casa. Embora Eulálio tome posse no início de fevereiro, a transição ainda não foi iniciada. Nos bastidores, há especulações sobre dificuldades financeiras, mas os números ainda não foram apresentados ao futuro presidente.A reforma do prédio da Assembleia Legislativa, iniciada em fevereiro de 2024, segue em andamento e deve ser concluída ainda este ano. Porém, algumas áreas do Legislativo, como os gabinetes parlamentares, o restaurante e a Praça do Povo, continuam interditadas. Severo Eulálio informou que a conclusão da reforma será sua prioridade, especialmente a parte física da Assembleia, para garantir o atendimento adequado aos parlamentares e à população.O plenário, que já foi reformado e está em funcionamento, está sendo utilizado para as sessões, com algumas delas realizadas remotamente. Eulálio reforçou a necessidade de cautela ao lidar com o cenário financeiro e as questões relacionadas à reforma, aguardando o retorno de Franzé Silva para formalizar a transição e planejar as próximas etapas para o parlamento estadual.",Unknown date
Carreta tomba em curva e atinge caminhão baú na BR-402 no município de Buriti dos Lopes,https://carlsonpessoa.blogspot.com/2025/01/carreta-tomba-em-curva-e-atinge.html,"Por volta das 10h30 da manhã desta sexta-feira (10/01), aconteceu um grave acidente tipo tombamento e colisão frontal envolvendo dois caminhões na BR-402, na zona rural de Buriti dos Lopes, que deixou um homem (o motorista) ferido e preso nas ferragens.Segundo informações preliminares, uma carreta carregada com frutas e verduras, que seguia na BR-402 tombou em uma curva próximo à entrada vicinal que dá acesso a localidade Lagoa do Meio, na região do povoado Ponte do Jandira, e atingido frontalmente um caminhão baú que seguia no sentido contrário da rodovia.A PRF foi acionada, logo em seguida, acionou o Corpo de Bombeiros para resgatar o motorista do caminhão baú, que ficou preso nas ferragens. O SAMU realizou os primeiros atendimentos à vítima e encaminhou para o HEDA em Parnaíba.Ainda não foi divulgado o estado de saúde do outro condutor da carreta tombada, e identificação de ambas as vítimas.Aguardem mais informações...Por Rurik Araújo",Unknown date
Juiz decide manter preso suspeito de envenenar família no litoral do Piauí,https://carlsonpessoa.blogspot.com/2025/01/juiz-decide-manter-preso-suspeito-de.html,"Em decisão proferida nesta quinta-feira (09/10), o juiz Fernando José Alves Silva, substituto da Central Regional de Inquéritos III, em Parnaíba, manteve a prisão de Francisco de Assis Pereira da Costa, pedreiro acusado de envenenar uma família no litoral do Piauí.A decisão foi tomada durante audiência de custódia que confirmou a legalidade do mandado de prisão temporária, alinhando-se ao parecer do Ministério Público do Piauí (MPPI). Francisco de Assis foi encaminhado à Penitenciária Mista Juiz Fontes Ibiapina, em Parnaíba.O acusado foi preso na quarta-feira (08), após a emissão de um mandado solicitado pela autoridade policial responsável pela investigação. Segundo o delegado Abimael Silva, Francisco mantinha uma relação conflituosa com a família e nutria ódio por sua enteada, Francisca Maria Silva, uma das vítimas fatais do envenenamento. Ele é considerado o principal suspeito, já que foi o último a dormir na casa onde 11 pessoas residiam, na noite anterior ao crime.Durante as buscas no local, a Polícia Civil do Piauí encontrou um baú pertencente ao acusado, contendo livros e revistas sobre nazismo. O material foi apreendido para análise, enquanto as investigações continuam.180graus",Unknown date
Lateral piauiense Renê sai do Inter e irá defender Fluminense-RJ,https://carlsonpessoa.blogspot.com/2025/01/lateral-piauiense-rene-sai-do-inter-e.html,"O Fluminense acertou a contratação do piauiense Renê. O lateral-esquerdo, que estava no Internacional, o jogador se apresentou no CT Carlos Castilho nesta terça-feira (07), realizou exames médicos e assinou vínculo em definitivo com o Tricolor até o fim de 2026. Renê é natural da cidade de Picos e nos últimos três anos defendia o time de Porto Alegre, agora retorna a um clube carioca.“Estou muito feliz e motivado. O Fluminense é um grande clube, que tem pela frente um ano com campeonatos muito difíceis, mas com objetivos muito grandes. Já estou me ambientando, fui muito bem recebido. Agradeço a todos e espero ser muito feliz aqui com essa camisa tão pesada”, disse ele.Renê se despede do Inter após três temporadas. Foram 123 jogos com a camisa do time de Porto Alegre, mais 40 partidas por ano.Renê fez sua estreia como profissional defendendo as cores do Sport, em 2012. Pelo clube, conquistou os títulos da Copa do Nordeste e do Campeonato Pernambucano. Em 2017, foi contratado pelo Flamengo e se destacou como um dos principais jogadores de sua posição no país, conquistando títulos e prêmios individuais. O lateral se transferiu para o Internacional em 2022. Em seu currículo possui conquistas como Conmebol Libertadores, Conmebol Recopa, além de dois títulos do Brasileirão e da Supercopa do Brasil.“Podem esperar de mim muita garra e muita luta dentro de campo, coragem para jogar, sem medo de errar. Acho que isso foi o que me trouxe até aqui. Espero conseguir aplicar tudo isso aqui no Tricolor, ser campeão e deixar a torcida muito feliz. Podem esperar o melhor de mim”, concluiu.cidadeverde.com",Unknown date
PAX UNIÃO INFORMA - NOTA DE FALECIMENTO,https://carlsonpessoa.blogspot.com/2025/01/pax-uniao-informa-nota-de-falecimento_10.html,"A PAX UNIÃO, em nome das famílias enlutadas, cumpre o seu doloroso dever de comunicar o falecimento das seguintes pessoas:1. TERESINHA DE JESUS FERREIRA DA SILVA, 68 anos de idade,falecida às 09h 03min do dia (09.01.2025) no Hospital Dirceu Arcoverde em Parnaíba-PI. O corpo está sendo velado na Rua Evangelina Rosa, n°1618, Bairro Pindorama. O sepultamento será realizado às 16h de hoje (10.01.2025) no cemitério da Fraternidade.2. NERIVAL APARECIDO RICARDO, 68 anos de idade,falecido às 14h 40min do dia (09.01.2025) no Hospital Nossa Senhora de Fátima em Parnaíba-PI. O corpo foi trasladado para Esperantina-PI e está sendo velado na Igreja Evangélica de Cristo Pentecostal no centro da cidade.3. RN DE ANTÔNIA PEREIRA NASCIMENTO,falecido às 02h 43min do dia (10.01.2025) no Hospital Dirceu Arcoverde em Parnaíba-PI. O corpo foi trasladado para Cocal-PI, onde foi velado e sepultado.A PAX UNIÃO, em nome das famílias enlutadas, agradece a todos que comparecerem a este ato de fé e piedade cristã.Informou a Pax UniãoParnaíba – PI, 10 de Janeiro de 2025.",Unknown date
Detento é flagrado com celulares no estômago e 'vomita' aparelhos no CE,https://carlsonpessoa.blogspot.com/2025/01/detento-e-flagrado-com-celulares-no.html,"Celulares serão periciados para investigar possível conteúdo criminosoEm um caso inusitado ocorrido naterça-feira (07) em Fortaleza, Ceará, um detento foi flagrado tentando contrabandear dois celulares para dentro de uma unidade prisional, engolindo os aparelhos e um cabo USB. Identificado como Daniel Melo da Silva, ele, que é membro de uma facção criminosa, foi pego no momento em que ""vomitou"" os itens, que estavam acondicionados em uma espécie de sacola.De acordo com a Secretaria da Administração Penitenciária e Ressocialização (SAP), Daniel utilizou um barbante amarrado entre seus dentes para prender os aparelhos e o cabo dentro de seu estômago. A descoberta aconteceu durante uma inspeção de rotina pelos policiais penais, que apreenderam o material.Os celulares passarão por uma perícia técnica para investigar se contêm informações relacionadas a atividades criminosas. O procedimento visa averiguar a utilização dos dispositivos dentro do sistema prisional e a possível conexão com crimes fora das dependências da prisão.A ocorrência segue sendo investigada e, dependendo dos resultados da perícia, o detento pode enfrentar novas acusações.Fonte:Com informações SAP",Unknown date
Escola SESI Integrada está com matrículas abertas para o EJA,https://carlsonpessoa.blogspot.com/2025/01/escola-sesi-integrada-esta-com.html,"A Escola SESI Integrada Deputado Moraes Souza, situada na Avenida Pinheiro Machado, próximo à Rodoviária de Parnaíba, está com matrículas abertas para o programa Educação de Jovens e Adultos (EJA).Este modelo de ensino desempenha um papel fundamental na promoção da inclusão social e econômica, especialmente quando se trata do acesso ao mercado de trabalho. A Escola SESI Integrada tem como objetivo ampliar o atendimento aos jovens e adultos do Piauí, que não tiveram a chance de concluir seus estudos na época certa.Interessados podem entrar em contato com a coordenadora do EJA da instituição, Adriana Coelho, através do número: (86) 9437-1026.",Unknown date
Cantora responde a crítica durante apresentação em Parnaíba e viraliza; assista,https://carlsonpessoa.blogspot.com/2025/01/cantora-responde-critica-durante.html,"A cantora Bruna Mel, natural de Parnaíba, reagiu de maneira firme a uma mulher que, insistentemente, pediu que ela parasse de tocar uma música fora de seu repertório para ela.Foto: Reprodução/ Redes sociasDurante o evento, Bruna não hesitou em responder de forma firme ao pedido: “No show dos artistas grandes vocês não fazem isso”.Assista:View this post on InstagramA post shared by Bruna Mel (@brunamelphboficial)",Unknown date
OFERTAS DA SEMANA PARAÍBA,https://carlsonpessoa.blogspot.com/2025/01/ofertas-da-semana-paraiba.html,,Unknown date
Criança de 4 anos envenenada no litoral do Piauí permanece internada no HUT,https://carlsonpessoa.blogspot.com/2025/01/crianca-de-4-anos-envenenada-no-litoral.html,"Uma menina de 4 anos, vítima de envenenamento junto com sua família em Parnaíba, continua internada no Hospital de Urgência de Teresina (HUT). Inicialmente, ela foi atendida no Hospital Nossa Senhora de Fátima, em Parnaíba, mas foi transferida para Teresina em 3 de janeiro.O envenenamento aconteceu durante o almoço do dia 1º de janeiro, quando pelo menos nove membros da família apresentaram sintomas de intoxicação após comerem arroz envenenado no bairro Dom Rufino, em Parnaíba, a cerca de 340 quilômetros de Teresina.A criança está internada na UTI pediátrica do HUT em estado grave. Quatro familiares morreram devido ao consumo do arroz contaminado com terbufós, uma substância utilizada como pesticida agrícola.As vítimas fatais foram:Francisca Maria, 32 anos: mãe da criança;Maria Lauane Fontinele, 3 anos: irmã da criança;Manoel Leandro da Silva, 18 anos: tio da criança;Igno Davi Silva, 1 ano e 8 meses: irmão da criança.A menina também é irmã de Ulisses e João Miguel, que sofreram intoxicação em agosto de 2022 ao comerem caju envenenado. Os frutos haviam sido oferecidos por uma vizinha, e a Polícia Civil encontrou em sua residência o veneno conhecido como ""chumbinho"", cuja produção e comercialização são proibidas no Brasil.No dia 8 de janeiro, Francisco Pereira, de 52 anos, padrasto de Francisca Maria, foi preso como principal suspeito de envenenar o arroz consumido pela família. Ele ficará detido por 30 dias enquanto as investigações são concluídas.Segundo o delegado Abimael Silva, responsável pelo caso, o suspeito demonstrava desprezo por Francisca e seus filhos e apresentou contradições em três depoimentos, especialmente sobre o acesso à panela com o arroz contaminado.",Unknown date
Azul decide suspender voos em São Raimundo Nonato e cancela rota em Parnaíba,https://carlsonpessoa.blogspot.com/2025/01/azul-decide-suspender-voos-em-sao.html,"Aeronave ATR-72 da Azul que realiza voos de São Raimundo Nonato para o Recife. Foto: (Tudo Viagem)A partir de 10 de março a cidade de São Raimundo Nonato não terá voos comerciais operados pela Azul que tinham como rota a cidade de Recife, no Pernambuco. Alegando alta do dólar e aumento dos custos operacionais, a companhia decidiu cancelar as decolagens sem escalas para o Recife. A companhia iniciou operações na cidade em 2022.Os voos são operados às terças, quintas e domingos em aeronaves ATR-72 que transportam até 70 passageiros. No site da Azul as passagens aéreas de São Raimundo Nonato para a capital pernambucana ainda estão sendo vendidas, mas a Azul confirmou o fim do voo e que o site da companhia está sendo atualizado.Segundo comunicado feito pela Azul, os passageiros afetados pela suspensão dos voos em São Raimundo poderão pedir reembolso intergral dos valores pagos, conforme prevê a resolução 400 da Agência Nacional de Aviação Civil (Anac). Leia abaixo comunicadoda Azul sobre esse assunto.Parnaíba vai perder voos para JericoacoaraParnaíba vai perder voos para Jericoacoara também a partir de 10 de março. Os voos fazem parte da ""Rota das Emoções"" e eram operados pelaAzul Conecta, empresa de voos regionais da Azul. Aeronaves Grand Caravan que transportam até 9 passageiros são usados nos voos de Parnaíba para a cidade localizada no interior do Ceará.A companhia Azul informou que manterá os voos de Parnaíba para Belo Horizonte (Aerpororto de Confins) que são operados pelos jatos da Embraer. Em Teresina a Azul oferece voos sem escalas para Campinas, Belo Horizonte e Recife.A Azul Conecta deixará de operar nas cidades de Crateús (CE), São Benedito (CE), Mossoró (RN),  Sobral (CE) e Iguatú (CE).Nota da Azul sobre a suspensão dos voosSão Paulo, 9 de janeiro de 2025 - A Azul informa que está sempre avaliando as possibilidades e necessidades de mercado e, consequentemente, mudanças fazem parte do planejamento operacional. Como empresa competitiva, a companhia reavalia constantemente as operações em suas bases, como parte de um processo normal de ajuste de capacidade à demanda.Sendo assim, a companhia anuncia que irá suspender as operações nas cidades deParnaíba (PI) e São Raimundo Nonato (PI), a partir do dia 10 de março devido a uma série de fatores que vão desde o aumento nos custos operacionais da aviação, impactados pela crise global na cadeia de suprimentos e a alta do dólar, somadas às questões de disponibilidade de frota e de ajustes de oferta e demanda.Importante ressaltar que os Clientes impactados receberão a assistência necessária, conforme prevê a resolução 400 da Agência Nacional de Aviação Civil (Anac).A Azul reforça, ainda, que mesmo diante da suspensão, segue operando no Estado do Piauí com voos regulares em Teresina, de onde os Clientes poderão se conectar com três destinos em voos diretos.cidadeverde.com",Unknown date
Vereador eleito no Piauí é acusado de omitir condenação por homicídio em registro de candidatura,https://carlsonpessoa.blogspot.com/2025/01/vereador-eleito-no-piaui-e-acusado-de.html,"O vereador Givanildo Batista Soares (MDB), do município de Lagoinha do Piauí, foi eleito no pleito de 2024, mesmo possuindo um mandado de prisão em aberto por uma condenação por homicídio, transitada em julgado no estado do Pará. Ele obteve 147 votos e já tomou posse na Câmara Municipal.Durante o processo de registro de sua candidatura, não constava nenhuma informação sobre a condenação nos documentos apresentados ou no sistema ELO da Justiça Eleitoral, o que permitiu que ele concorresse e fosse eleito sem impedimentos. Givanildo, conhecido como Gilva, foi condenado em 2021 por atropelar e matar uma pessoa em Marabá, no Pará. A pena, por homicídio culposo, foi de 2 anos e 8 meses de prisão, com mandado expedido em setembro de 2024.Foto: ReproduçãoApós a Corregedoria do Tribunal Regional Eleitoral (TRE-PI) informar ao Ministério Público Eleitoral (MPE) sobre o mandado de prisão em aberto, a Promotoria da 52ª Zona Eleitoral de Água Branca entrou com uma ação questionando a elegibilidade de Givanildo. O MPE alegou que o vereador eleito forneceu informações falsas para obter o registro, ocultando sua condição de réu condenado. O órgão considera essa ação uma violação eleitoral, que pode configurar o crime de falsidade ideológica eleitoral, conforme o artigo 350 do Código Eleitoral. Por isso, o MPE instaurou um Procedimento de Investigação Criminal para apurar a possível prática do delito, resultando na denúncia em uma ação penal.Baseado na Lei Complementar nº 64/90, que torna inelegíveis aqueles condenados por crimes contra a vida, o MPE pediu a cassação do diploma de vereador de Givanildo, argumentando que sua inelegibilidade, embora descoberta após o registro, é anterior ao pleito, podendo ser contestada por meio de Recurso Contra a Expedição de Diploma.Além disso, Givanildo foi denunciado por falsidade ideológica eleitoral, por omitir sua condenação no momento do registro de sua candidatura às eleições de 2024.",Unknown date
Bairros de Parnaíba ficarão sem água nesta quinta-feira,https://carlsonpessoa.blogspot.com/2025/01/bairros-de-parnaiba-ficarao-sem-agua.html,"AAgespisavai interromper, na noite desta
quinta-feira (9), o abastecimento de água em quatro bairros de Parnaíba, para
que seja feita mais uma etapa das interligações na rede de distribuição da
cidade.O fornecimento será suspenso a partir das 22h desta quinta (9) e
seguirá até as 6h desta sexta-feira (10), nos seguintes bairros: São José,
Centro, Nossa Senhora do Carmo e parte do Nova Parnaíba, da Avenida Marquês de
Paranaguá até o bairro São José.Por meio de
nota, a Agespisa informou que os serviços da obra de interligação serão
executados na Avenida Padre Castelo Branco e na rua Marquês do Herval, no
Centro da cidade.Ainda conforme a empresa, o abastecimento de água vai retornar de
forma gradual após a conclusão dos serviços.",Unknown date
SiSU 2025: UFDPar Disponibiliza 1.036 Vagas para Graduação,https://carlsonpessoa.blogspot.com/2025/01/sisu-2025-ufdpar-disponibiliza-1036.html,"A Universidade Federal do Delta do Parnaíba
(UFDPar) oferecerá 1.036 vagas distribuídas entre 12 cursos de graduação na
modalidade presencial na edição de 2025 do Sistema de Seleção Unificada (Sisu).
Sendo492vagas para ampla concorrência e544 vagasreservadas para as Ações Afirmativas (cotas), com
entradas no primeiro ou segundo semestre letivo de 2025.Desde 2024, o Sisu ocorre em edição única. Dessa forma, para ingressar
no 1° ou 2º semestre, o candidato deverá realizar apenas uma única inscrição
no Sisu.Os interessados em participar da seleção para o ingresso
no ensino superior poderão se inscrever exclusivamente no período
de 17 a 21 de janeiro de 2025, por meio doPortal Único de Acesso ao Ensino Superior.Candidatos
que não forem contemplados na chamada regular podem optar pela lista de espera,
manifestando formalmente o interesse dentro do prazo estipulado. O
resultado da chamada regular será divulgado no dia 26 de janeiro.Atualmente, a UFDPar oferece gratuitamente doze cursos de graduação
de forma presencial, são eles: Administração, Biomedicina, Ciências Biológicas,
Ciências Contábeis, Ciências Econômicas, Engenharia de Pesca, Fisioterapia,
Matemática, Medicina, Pedagogia, Psicologia e Turismo. A universidade
recebeu o conceito máximo na Avaliação de Recredenciamento Institucional
realizada pelo Instituto Nacional de Estudos e Pesquisas Educacionais Anísio
Teixeira (Inep) do Ministério da Educação (MEC), destacando sua atuação e seu
compromisso com a formação de profissionais éticos e capacitados para gerar
impacto positivo na sociedade.Para mais informações, acesse a Página do Sisu 2025 da
UFDPar,clicando aqui.Detalhes Importantes:O SiSU
     utiliza as notas doExame Nacional do Ensino Médio (Enem)como
     critério de seleção.Desde
     2024, o SiSU ocorre emedição única, ou seja, o candidato
     realiza apenas uma inscrição para concorrer ao ingresso no1º ou
     2º semestre.Cronograma do SiSU 2025/1:Inscrições: 17 a 21 de janeiro de 2025.Chamada
     Regular: 26
     de janeiro de 2025.Manifestação
     de Interesse para Lista de Espera: 26 a 31 de janeiro de 2025.",Unknown date
Ex-deputado federal cearense José Linhares morre aos 94 anos,https://carlsonpessoa.blogspot.com/2025/01/ex-deputado-federal-cearense-jose.html,"Mais conhecido como Padre Zé Linhares, ele foi deputado por seis mandatos consecutivos, de 1991 a 2015.Morreu nesta
quarta-feira (8), em Fortaleza, o padre e ex-deputado federal cearense José
Linhares, aos 94 anos. Ele estava internado no Hospital Mont Klinikun, onde se
recuperava de uma queda que havia sofrido em casa.Mais conhecido comoPadre Zé Linhares, o
ex-parlamentar estava na Unidade de Terapia Intensiva (UTI), e seu estado de
saúde era considerado grave, devido à idade avançada e também em razão de
comorbidades pré-existentes.Nascido na
cidade de Sobral (CE), José Linhares, além de padre, era professor, psicólogo,
filósofo, pedagogo, administrador e escritor.O ex-parlamentar iniciou sua trajetória política no final da
década de 1980 e foi deputado federal por seis mandatos consecutivos, de 1991 a
2015, passando pelo PSDB e pelo Progressistas. De 2015 a 2019, presidiu o
Conselho Estadual de Educação do Ceará e, em 2017, foi nomeado presidente de
honra do PP no estado cearense.",Unknown date
NOTA DE PESAR - Comunicamos o falecimento de MARIA DAS GRAÇAS ARAÚJO SILVA,https://carlsonpessoa.blogspot.com/2025/01/nota-de-pesar-comunicamos-o-falecimento_9.html,,Unknown date
Mais mulheres rompem o silêncio e denunciam violência doméstica em Parnaíba,https://carlsonpessoa.blogspot.com/2025/01/mais-mulheres-rompem-o-silencio-e.html,"A segurança das mulheres vítimas de violência doméstica e familiar é prioridade da Patrulha Maria da Penha, que desempenha um papel fundamental na proteção e no amparo às vítimas. Entre as principais ações desenvolvidas pela patrulha está o acompanhamento contínuo e rigoroso das medidas protetivas, garantindo que as ordens judiciais sejam efetivamente cumpridas e que as mulheres se sintam mais seguras.Somente no ano passado, o 2º Batalhão de Polícia Militar do Piauí atendeu 125 ocorrências envolvendo situações de violência contra a mulher, demonstrando a relevância do trabalho realizado. Destes casos, 73 encerraram na prisão de agressores nos municípios Bom princípio, Buriti dos Lopes, Ilha Grande, Murici dos Portelas e Parnaíba. Quanto à Parnaíba, dos 125 casos registrados pela Patrulha Maria da Penha do 2º BPMPI, 91 foram nesta cidade.Esse aumento nas denúncias não indica necessariamente um crescimento nos casos de violência, mas, sim, a quebra do silêncio que por muito tempo encobriu práticas criminosas comuns dentro do ambiente doméstico. Com a rede de proteção mais robusta e acessível, as vítimas sentem-se mais encorajadas a buscar ajuda, sabendo que encontrarão acolhimento, segurança e orientação.Segundo Ryana Pontes, sargento da Polícia Militar e membro da Patrulha Maria da Penha, o fortalecimento da rede de proteção tem incentivado mais mulheres a denunciar seus agressores, pois encontram no grupo da Patrulha Maria da Penha, por exemplo, o suporte necessário para romper o ciclo de violência. A atuação da Patrulha Maria da Penha faz intervenção policial e oferece orientações desde conversas com as vítimas a palestras com entidades que buscam.Assegurar uma resposta eficiente e humanizada às vítimas de diferentes formas de violência, seja ela física, psicológica ou patrimonial, contribui com a prevenção e enfrentamento para que as mulheres recuperem a confiança e a esperança de viverem livres da ameaça de violência, evidenciando a importância de políticas públicas eficazes e integradas.O fortalecimento da rede de proteção à mulher tem sido determinante para trazer à tona inúmeros casos de violência doméstica que antes permaneciam ocultos, silenciados pelo medo, pela dependência ou pela falta de apoio adequado. Entre as iniciativas de destaque, está a Patrulha Maria da Penha, que foi implantada em Parnaíba no final de novembro de 2023 e, desde então, vem desempenhando um papel crucial na prevenção e no combate a esse tipo de crime. A atuação firme e humanizada da Patrulha Maria da Penha em Parnaíba é um exemplo do quanto a articulação entre diferentes agentes pode transformar a realidade das vítimas. (Daniel Santos CN)",Unknown date
PAX UNIÃO INFORMA - NOTA DE FALECIMENTO,https://carlsonpessoa.blogspot.com/2025/01/pax-uniao-informa-nota-de-falecimento_9.html,"A PAX UNIÃO, em nome das famílias enlutadas, cumpre o seu doloroso dever de comunicar o falecimento das seguintes pessoas:1. DANIEL DE PAULA FERREIRA, 57 anos de idade, falecido às 16h 30min do dia (08.01.2025) em Via Pública. O corpo foi removido do IML e velado na Travessa Costa Fernandes, n°60, Bairro São Benedito. O sepultamento ocorreu às 09h de hoje (09.01.2025) no cemitério da Fraternidade.2. RN DE MARIA DO CARMO SOUZA,falecido às 15h 43min do dia (08.01.2025) no Hospital Dirceu Arcoverde em Parnaíba-PI. O corpo foi trasladado para Piracuruca-PI, onde foi velado e sepultado.3. MARIA DE JESUS FERNANDES DOS SANTOS, 87 anos de idade,falecida às 17h 43min do dia (08.01.2025) no Hospital Dirceu Arcoverde em Parnaíba-PI. O corpo está sendo velado na Rua Isabel Elisa de Oliveira, n°482, Bairro Catanduvas. O sepultamento será realizado às 17h de hoje (09.01.2025) no cemitério do Catanduvas.4. JOÃO FERREIRA VERAS, 88 anos de idade, falecido às 22h do dia (08.01.2025) em sua residência no Povoado Boa Esperança, zona rural de Luís Correia, onde está sendo velado. O sepultamento será realizado às 16h de hoje (09.01.2025) no cemitério da comunidade.5. LUCIMAR LIMA DA SILVA, 65 anos de idade, falecido às 00h 11min de hoje (09.01.2025) no Hospital Nossa Senhora de Fátima em Parnaíba-PI. O corpo foi trasladado para Água Doce-MA e está sendo velado na Rua São Pedro, n°401, Bairro Carioca. O sepultamento será logo mais às 17h no cemitério da comunidade.6. MARIA DO SOCORRO DA SILVA, 78 anos de idade,falecido às 05h 10min de hoje (09.01.2025) no Hospital Dirceu Arcoverde em Parnaíba-PI. O corpo será trasladado para o Povoado Serra do Arco, zona rural de Cocal-PI, onde será velado e sepultado.A PAX UNIÃO, em nome das famílias enlutadas, agradece a todos que comparecerem a este ato de fé e piedade cristã.Informou a Pax UniãoParnaíba – PI, 09 de Janeiro de 2025.",Unknown date
"Após prisão de padrasto, cajus ingeridos por crianças em Parnaíba serão novamente periciados",https://carlsonpessoa.blogspot.com/2025/01/apos-prisao-de-padrasto-cajus-ingeridos.html,"Instituto de Criminalística diz que há um padrão nas mortes dos meninos envenenados no ano passado e da família envenenada no começo do ano.Ulisses Gabriel e João Miguel foram vítimas de envenenamento em cajusOInstituto de Criminalística do Piauívai periciar novamente os cajus que foram ingeridos pelos meninosJoão Miguel e Ulisses Silva, mortos envenenados em agosto do ano passado em Parnaíba. A decisão foi tomada nesta manhã (08) após a prisão do padrasto da mãe das crianças, Francisco de Assis Pereira, ser preso suspeito de envenenar toda a família no início deste ano.Em entrevista a O Dia, o perito-geral do Instituto de Criminalística, Antônio Nunes, explicou que em todos os casos – tanto o dos meninos, quanto o do restante da família – há uma assinatura no que foi praticado. Significa dizer que as mortes seguem um padrão: envenenamento por terbufós, um pesticida altamente letal que causa efeitos mais graves no organismo do que o conhecido chumbinho.Antônio Nunes é perito-geral do IMLPara o IML não há mais dúvidas de que houve envenenamento e que ele ocorreu dentro da casa onde vivia a família.“Comprovamos que não entrou alimento envenenado. Todos os alimentos que foram doados deram negativo para substância tóxica. Não entrou alimento envenenado naquela casa. De fato, então, tínhamos que encontrar alguma coisa dentro da casa. Vamos fazer exames, fazer todos estes testes de novo, inclusive outros testes nos próprios cajus que os meninos [Ulisses e Miguel] comeram”, afirma Antônio Nunes.Questionado sobre a possibilidade de indiciamento de Francisco de Assis pelo envenenamento da família, o perito-geral do Piauí afirma que ainda é prematuro para afirmar isto, mas que a polícia está colhendo um lastro probatório que aponta para indícios de autoria do crime por parte do padrasto.Francisco, segundo a polícia, fingiu ter ingerido a comida que a família comeu no dia em que foram envenenados. Ele deu entrada no hospital sinalizando sintomas semelhantes aos demais parentes, mas foi o primeiro a receber alta. A polícia não encontrou em seu organismo indícios de intoxicação. Ele mantinha uma caixa com alimentos separados dentro de casa para evitar comer a mesma comida do restante da família.IML fala em pedir exame psiquiátrico de FranciscoAo todo, 11 pessoas da mesma família foram envenenadas em menos de seis meses. Cinco morreram: João Miguel e Ulisses, de sete e oito anos, morreram no ano passado. No começo deste ano, morreram Manoel Leandro, tio dos meninos, a mãe deles, Francisca Maria, e dois irmãos: Igno Davi e Luane.Em todos os laudos produzidos pelo IML após a morte consta a presença do veneno terbufós. As vítimas também apresentaram sintomas de envenenamento semelhantes. Quando questionado sobre a motivação para o crime, o perito-geral do IML, Antônio Nunes, disse ainda ser prematuro para afirmar em uma possível psicopatia por parte do autor das mortes.No entanto, o IML fala em pedir um exame psiquiátrico-forense de Francisco de Assis Pereira, em sendo comprovada seu envolvimento nas mortes.“Se comprovado que todas as mortes foram pela mesma pessoa, temos que fazer um exame psiquiátrico-forense para confirmar se há isso ou não [traços de psicopatia], mas isso ainda é prematuro dizer, porque ainda temos os outros testes para fazer nas outras vítimas, confirmar se em todas elas foram o mesmo veneno. Pelos sinais sintomas tudo indica que sim”, finaliza Antônio Nunes.Fonte: portalodia",Unknown date
Receita esclarece que não cobrará imposto por Pix,https://carlsonpessoa.blogspot.com/2025/01/receita-esclarece-que-nao-cobrara.html,"O reforço na fiscalização de transferências via Pix e cartão de crédito não significa criação de impostos, esclareceu a Receita Federal. Em comunicado, o Fisco desmentiu informações falsas que circularam nas redes sociais nos últimos dias sobre cobrança de imposto para transferências digitais.Em 1º de janeiro, entraram em vigor as novas regras da Receita Federal para afiscalização de transferências financeiras. A principal mudança foi a extensão do monitoramento de transações financeiras às transferências Pix que somam pelo menos R$ 5 mil por mês para pessoas físicas e R$ 15 mil para pessoas jurídicas.Além das transações Pix, esses limites também valem para as operadoras de cartão de crédito e as instituições de pagamento, como bancos digitais e operadoras de carteiras virtuais. Elas deverão notificar à Receita operações cuja soma mensal ultrapassa esse teto. Os bancos tradicionais, as cooperativas de crédito e instituições que operam outras modalidades de transação já tinham de informar à Receita sobre esses valores.Gerenciamento de riscoSegundo a Receita, a instrução normativa que reforçou a fiscalização permite “oferecer melhores serviços à sociedade”. Como exemplo, o comunicado cita que os valores fiscalizados entrarão da declaração pré-preenchida do Imposto de Renda de 2026 (ano-base 2025), reduzindo divergências e erros que levam o contribuinte à malha fina.O comunicado esclareceu que a Receita modernizou a fiscalização para incluir novos tipos de instituições do sistema financeiro, comofintechse carteiras virtuais. No caso do cartão de crédito, o Fisco extinguiu a Declaração de Operações com Cartões de Crédito (Decred), criada em 2003, e a substituiu por um módulo para cartões de crédito dentro da e-Financeira, plataforma que reúne arquivos digitais de cadastro, abertura e fechamento de contas e operações.A e-Financeira opera dentro do Sistema Público de Escrituração Digital (Sped), criado em 2007 e que processa, por exemplo, as notas fiscais eletrônicas.Sigilo bancário e fiscalNo comunicado, a Receita também explicou que o reforço na fiscalização não desrespeitará as leis que regulam os sigilos bancário e fiscal, sem identificar a natureza ou a origem das transações. “A medida visa a um melhor gerenciamento de riscos pela administração tributária, a partir da qual será possível oferecer melhores serviços à sociedade, em absoluto respeito às normas legais dos sigilos bancário e fiscal.”A Receita reiterou que a e-Financeira não identifica o destinatário das transferências de uma pessoa ou empresa para terceiros, via Pix ou Transferência Eletrônica Disponível (TED). O sistema, explicou o Fisco, soma todos os valores que saíram da conta, inclusive saques. Se ultrapassado o limite de R$ 5 mil para pessoa física ou de R$15 mil para pessoa jurídica, a instituição financeira informará a Receita Federal.Em relação aos valores que ingressam em uma conta, a e-Financeira apenas contabiliza as entradas, sem individualizar sequer a modalidade de transferência, se por Pix ou outra. Todos os valores, informou a Receita, são consolidados, devendo ser informados os totais movimentados a débito e a crédito em determinada conta, sem especificar os detalhes das transações.As instituições financeiras enviarão os relatórios à Receita Federal a cada seis meses. As informações referentes ao primeiro semestre deverão ser prestadas até o último dia útil de agosto. Os dados do segundo semestre serão apresentados até o último dia útil de fevereiro, prazo que permitirá a inclusão na declaração pré-preenchida do Imposto de Renda, na metade de março.Fonte: Agência Brasil",Unknown date
Monitoramento de praia registra 10 ninhos de Tartarugas Marinhas no Piauí,https://carlsonpessoa.blogspot.com/2025/01/monitoramento-de-praia-registra-10.html,"A temporada reprodutiva de tartarugas marinhas no Litoral Piauiense, que faz parte da APA Delta do Parnaíba – Unidade de Conservação Ambiental, iniciou em dezembro e segue intensa.Foram identificados até o momento 10 ninhos e o último, na noite de domingo, na Praia do Coqueiro, Luís Correia (PI). Na ocasião a fêmea foi flagrada, durante o processo de confecção de seu ninho, pela equipe de monitoramento do Projeto Tartarugas do Delta“Estamos desde dezembro fazendo monitoramento nas praias do Piauí acompanhando de perto o período reprodutivo e sinalizando os ninhos quando identificados e quando temos a oportunidade de flagrar a desova como a ocorrida na noite de domingo acompanhamos todo o processo de desova. Importante reforçar que os visitantes, moradores, turistas podem nos auxiliar na conservação dos ninhos com a limpeza das praias, evitando circulação de veículos na praia, assim como, cuidado com a iluminação noturna adequada evitando a fotopoluição e respeitando os ninhos sinalizados pelo Projeto Tartarugas do Delta”, explicou Werlanne Magalhães bióloga e coordenadora do Tartarugas do Delta.O trabalho desenvolvido pela equipe do ITD vem apresentando resultados positivos com o crescimento de ninhos identificados, segundo Werlanne.“Cada rastro e cada ninho confirmado reforçam o impacto positivo do nosso trabalho e a importância de protegermos os berçários das tartarugas marinhas”.A equipe do Projeto Tartarugas do Delta pede que caso rastros ou ninhos sejam avistados entre em contato pelo WhatsApp: (86) 99968-0197.  O Projeto Tartarugas do Delta é realizado em parceria com a Petrobras através do Programa Petrobras Socioambiental com apoio da Eólica Pedra do Sal, Sesc Piauí e APA Delta do Parnaíba.",Unknown date
TOM MACHISTA: Fala de Lula sobre maridos serem mais apaixonados por amantes gera polêmica,https://carlsonpessoa.blogspot.com/2025/01/tom-machista-fala-de-lula-sobre-maridos.html,"Fala de Lula gerou desconforto pelo tom machistaO presidente Luiz Inácio Lula da Silva protagonizou uma fala polêmica durante evento em Brasília nesta quarta-feira (8), ao se declarar “amante da democracia” e dizer que, na maioria das vezes, os maridos são “mais apaixonados pela amante do que pelas mulheres”. A metáfora, feita antes de iniciar o discurso oficial em ato alusivo ao 8 de janeiro, foi interpretada como de tom machista, gerando críticas tanto de aliados quanto da oposição.“Eu não sou nem marido, eu sou um amante da democracia, porque (na) maioria das vezes os amantes são mais apaixonados pela amante do que pelas mulheres”, afirmou o presidente, enquanto destacava sua trajetória de militância e o compromisso com os valores democráticos.Segundo o portal UOL, a primeira-dama, Janja da Silva, não escondeu sua insatisfação com a declaração e reagiu com um “olhar de indignação” e um gesto negativo com a cabeça durante o pronunciamento. A fala também repercutiu de forma negativa nas redes sociais, com usuários e críticos apontando que a metáfora reforça estereótipos de gênero e desrespeita mulheres.Apesar das críticas, o presidente buscou enfatizar a importância da democracia ao longo do discurso, classificando-a como “uma paixão”. “Falar de democracia para mim é uma paixão, não é uma coisa pequena. É a certeza de que todos devem ter oportunidade para vencer na vida”, completou.A fala ocorreu em meio a uma série de eventos públicos no Palácio do Planalto e no Supremo Tribunal Federal (STF) em memória dos ataques de 8 de janeiro de 2023. Obras de arte e objetos históricos depredados durante os atos, como o emblemático relógio do século 18, foram restaurados e apresentados como símbolos da resistência democrática.Fonte:Com informações do Correio Braziliense",Unknown date
Hospital Marques Basto recebe renovação do CEBAS pelo Ministério da Saúde,https://carlsonpessoa.blogspot.com/2025/01/hospital-marques-basto-recebe-renovacao.html,"O Hospital Marques Basto recebeu o documento de renovação do CEBAS do Ministério da Saúde com validade de 01 de janeiro de 2025 a 31 de dezembro de 2027. O CEBAS é a Certificação de Entidade Beneficente de Assistência Social na Área de saúde concedido pelo Ministério da Saúde a entidades privadas sem fins lucrativos que prestam serviços e saúde.“O CEBAS é a comprovação pelo Ministério da Saúde por mais três anos da filantropia do Hospital Marques Basto onde o Ministério reafirma a integridade, a honestidade e forma que o hospital trabalha no atendimento à sociedade, dos pacientes de Parnaíba, da região Norte do estado Piauí. Fico muito orgulhoso porque é uma certificação difícil adquirir. Precisa de muito trabalho, engajamento de todos os colaboradores”, falou Mirócles Véras Neto, presidente do Hospital Marques Basto.O Ministério da Saúde supervisiona as entidades com CEBAS para garantir que elas cumpram as condições que lhes valeram a certificação.",Unknown date
Padrasto é preso suspeito de envenenar quatro pessoas da mesma família em Parnaíba,https://carlsonpessoa.blogspot.com/2025/01/padrasto-e-preso-suspeito-de-envenenar.html,"Nas primeiras horas da manhã desta quarta-feira (8), um homem identificado como Francisco de Assis Pereira da Costa, 53 anos, foi preso como o principal suspeito do envenenamento de toda uma família em Parnaíba. O homem é padrasto de Francisca e Manoel, que morreram após consumirem arroz envenenado no Litoral do Piauí.Segundo informações, a polícia civil recolheu material na casa do Padrasto durante busca e apreensão realizada nesta manhã através de um mandado da justiça. Ele foi conduzido para a Central de Flagrantes de Parnaíba e negou a autoria dos crimes.Francisco de Assis chegou a ser hospitalizado no dia 1º de janeiro deste ano, mas recebeu alta médica no HEDA - uma criança continua internada no HUT em Teresina. Ao toda, nove pessoas da mesma família comeram arroz com feijão envenenado com uma substância tóxica idêntica ao chumbinho, utilizada como inseticida.A polícia civil deverá dar uma coletiva de imprensa às 10h da manhã de hoje para tentar esclarecer a motivação dos envenenamentos.As vitimasEntre as vítimas fatais estão Francisca Maria da Silva, de 32 anos, enteada do suspeito; seus dois filhos, Igno Davi, de apenas 1 ano e 8 meses, e Maria Lauane, de 3 anos; além do irmão de Francisca, Manoel Leandro da Silva, de 18 anos.Maria Lauane, de 3 anos.Francisca Maria da Silva, 32 anos.Manoel Leandro da Silva, de 18 anos e Igno Davi, de 1 ano e 8 meses.Motivação sob investigaçãoTestemunhas apontaram Francisco como o principal suspeito, já que, no dia do crime, nenhuma outra pessoa foi vista entrando na residência. Em depoimento, ele afirmou ter consumido apenas os peixes servidos no almoço, que não estavam contaminados, e negou envolvimento no caso. Sua esposa, mãe de Francisca Maria, também não foi envenenada.A Polícia Civil confirmou que o veneno foi adicionado ao alimento momentos antes da refeição. O composto químico utilizado é amplamente empregado em pesticidas agrícolas e pode causar intoxicações graves quando ingerido.Desdobramentos e coletiva de imprensaO caso, tratado como homicídio e feminicídio, está sendo investigado pelas autoridades de Parnaíba. Uma coletiva de imprensa foi marcada para as 10h desta quarta-feira, na qual a Polícia Civil deve apresentar novos detalhes sobre o caso e as provas que levaram à prisão do suspeito.Em outro episódio ocorrido em agosto de 2024, dois meninos de 7 e 8 anos da mesma família morreram após ingerirem cajus envenenados. Apesar da coincidência, as autoridades garantem que não há ligação entre os crimes, sendo que, no caso dos cajus, uma vizinha foi presa pelo duplo homicídio qualificado.O envenenamento de alimentos é um crime de alto impacto emocional e social, especialmente quando envolve famílias inteiras. As investigações seguem em busca de respostas para entender o que motivou tamanha tragédia.",Unknown date
Ministério anuncia audiência para discutir projeto dos Tabuleiros Litorâneos,https://carlsonpessoa.blogspot.com/2025/01/ministerio-anuncia-audiencia-para.html,"O Ministério da Integração e do Desenvolvimento Regional (MIDR) anunciou que no próximo dia 30 de janeiro, moradores dos municípios de Bom Princípio do Piauí, Buritis dos Lopes e Parnaíba, no Piauí, participarão da audiência pública da segunda etapa do Projeto Público de Irrigação Tabuleiros Litorâneos. O evento presencial faz parte do processo de consulta pública, que continuará aberto virtualmente até 23 de fevereiro, com possibilidade de participação de qualquer interessado. Será possível também a participação remota pelo chat do canal do YouTube do MIDR, que transmitirá a audiência ao vivo.O Ministério da Integração e do Desenvolvimento Regional (MIDR) espera reunir pelo menos cem pessoas no auditório Oeste da Universidade Federal Delta do Parnaíba, às 9h. O objetivo é discutir estudos econômico-financeiros, ambientais, jurídicos e de engenharia relacionados à concessão da etapa 2 do perímetro irrigado dos Tabuleiros Litorâneos, localizado a cerca de 313 km de Teresina.A empresa concessionária será responsável por uma área total de 9.847 hectares, com 6.017 hectares de terras irrigáveis, e pela instalação, operação e manutenção da infraestrutura de irrigação comum para ambas as etapas do projeto.A primeira etapa do perímetro irrigado possui 2.443 hectares, com cerca de 2.000 hectares atualmente em produção. Os agricultores irrigantes do projeto produzem frutas para exportação à Europa e América do Norte, como acerola orgânica, caju, goiaba, coco verde, limão, manga e banana, além de hortaliças para o mercado local.Impactos econômicosA implantação da segunda etapa do projeto irá promover o desenvolvimento regional no norte do Piauí por meio da geração de 6 mil empregos diretos, R$ 853 milhões de investimento em infraestrutura e R$ 5,4 bilhões para operação e manutenção ao longo dos 35 anos da concessão. A concessão incluirá a opção de transferência de propriedade das terras, condicionada a critérios de desempenho.Esta audiência pública é o momento de participação direta da sociedade civil, principalmente, dos produtores irrigantes locais, para contribuir com sugestões e críticas na idealização da proposta de concessão, junto aos representantes do MIDR, do Departamento Nacional de Obras Contra as Secas (DNOCS) e da Secretaria Especial do Programa de Parcerias de Investimentos da Casa Civil da Presidência da República (SEPPI). Também foram convidados a participar representantes de diversos órgãos públicos federais, estaduais e municipais e entidades setoriais.",Unknown date
"Padrasto nutria ódio pelos familiares envenenados em Parnaíba, diz delegado",https://carlsonpessoa.blogspot.com/2025/01/padrasto-nutria-odio-pelos-familiares.html,"APolícia
Civil do Piauírealizou, na manhã desta quarta-feira (8),
coletiva de imprensa para tratar da prisão deFrancisco
de Assis Pereira da Costa, acusado de matar por envenenamento quatro
pessoas da própria família em Parnaíba. Segundo o delegado Abimael Silva, ele
tinha uma relação conflituosa com os familiares e nutria um ódio específico por
Francisca Maria Silva, sua enteada e uma das vítimas que perdeu a vida.Francisco de Assis é casado com Maria dos Aflitos, mãe de
Francisca Maria e avó do adolescente e das duas crianças que também morreram
envenenadas após comerem um arroz contaminado pela substância tóxicaterbufós.
Ele foi a última pessoa a dormir na casa em que moravam 11 pessoas, na noite
anterior ao envenenamento.De
acordo com o delegado, Francisco de Assis apresentou informações contraditórias
nos três depoimentos prestados à polícia. “Ele deu mais de três versões do que
aconteceu nesse intervalo. Ele disse primeiro que não tinha chegado perto da
panela, depois, disse que tinha chegado, depois que não tinha orientado ninguém
a utilizar o arroz. As informações entram em contradição com o depoimento de
todas as outras pessoas, que estão em consonância, apenas o dele está
dissonante do restante dos depoimentos. Essa é a principal questão da
suspeição”, informou.Nutria
ódio pelos enteadosAinda
conforme a autoridade policial, Francisco demonstrou nutrir ódio pelos filhos
da esposa, principalmente por Francisca Maria. “O senhor Francisco de Assis
prestou três depoimentos e revelou, assim como as filhas da dona Francisca, que
eles tinham um relacionamento muito conturbado, para dizer o mínimo. Ele não
falava com nenhum dos enteados e tinha um sentimento de ódio específico em
relação à dona Francisca, mãe das crianças. Esse sentimento de ódio era tão
grande que, mesmo com ela no leito de morte, ele não conseguiu esconder isso
nos depoimentos”, relatou.O
delegado Abimael Silva revelou ainda que o acusado se referia aos familiares
como “primatas” e afirmava que eram pessoas sem higiene, convivendo com todos
por falta de opção. Sobre Francisca Maria, ele disse que ela era “tola”,
“inútil”, entre outros adjetivos depreciativos.“Além
de ter um desprezo completo pelos filhos da dona Francisca, os quais ele chamou
de ‘primatas’, dizia que viviam como uma tribo de índios, pessoas sem higiene,
com quem ele não queria conviver, mas suportava. Em específico, sobre dona
Francisca Maria, ele afirmou que ela era uma criatura de mente boba, tola,
matuta, morta de preguiça, que não servia para nada, praticamente inútil.
Chegou a falar para a mãe dela: ‘essa tua filha não procura um homem que
trabalhe, só procura vagabundo’. Ele manifestou várias vezes o desejo de que
ela saísse de casa”, completou o delegado.VítimasDas
11 pessoas que viviam na casa, quatro morreram: os irmãos Manoel Leandro da
Silva, 18 anos, e Francisca Maria da Silva, 32 anos, além dos filhos de
Francisca, Igno Davi Silva, de 1 ano e 8 meses, e Maria Lauane Fontenele, 3
anos. Uma criança de quatro anos segue internada no Hospital de Urgência de
Teresina (HUT) em estado grave.GP1",Unknown date
Eleições 2026: Gracinha Mão Santa recua e Ciro Nogueira lança Margarete Coelho como opção,https://carlsonpessoa.blogspot.com/2025/01/eleicoes-2026-gracinha-mao-santa-recua.html,"Gracinha MS: um passo atrásO Progressistas começou a perceber fragilidade no discurso da deputada Gracinha Mão Santa para disputar o governo do estado. Gracinha estaria inclinada a buscar a reeleição como deputada, evitando o risco de uma candidatura majoritária.Diante disso, o senador Ciro Nogueira trouxe à tona o nome da ex-vice-governadora Margarete Coelho, atualmente diretora nacional do Sebrae, como uma possibilidade para compor o palanque de oposição. Essa movimentação também visa fortalecer o caminho para a reeleição de Ciro ao Senado. Até 2026, muita água ainda vai passar por debaixo da ponte, mas, enquanto isso, é melhor que os nomes circulem e as articulações avancem.(Encarando/Edição:blogdobsilva)",Unknown date
Parnahyba x Oeirense: FFP altera horário de partida da 1ª rodada do Piauiense,https://carlsonpessoa.blogspot.com/2025/01/parnahyba-x-oeirense-ffp-altera-horario.html,"Estádio Pedro Alelaf, em Parnaíba — Foto: Felipe CruzA Federação de Futebol do Piauí (FFP) alterou o horário da partida Parnahyba x Oeirense, pela primeira rodada do Grupo B da Série B do Campeonato Piauiense.Inicialmente, o duelo estava marcado para às 17h, porém, com a mudança, o jogo passa a ocorrer às 16h.O confronto está agendado para este domingo, no estádio Comendador Pedro Alelaf.Detalhes:Parnahyba x OeirenseData: 12 de janeiro (Domingo)Horário: 16h;Local: estádio Pedro Alelaf.A partida vai marcar a estreia das duas equipes no Campeonato Piauiense deste ano. Ambas estão no Grupo B do torneio junto com Piauí e 4 de Julho.Ingressos para Parnahyba x OeirenseValor: R$ 15 + 1kg de alimento não perecível (meia-entrada solidária);Local:CT Petrônio Portela, Banca da Shakira e Banca do Louro.Fonte: GE-Pi l Edição: Jornal da Parnaíba",Unknown date
HOMEM É PRESO SUSPEITO DE ENVENENAMENTO EM PARNAÍBA,https://carlsonpessoa.blogspot.com/2025/01/homem-e-preso-suspeito-de-envenenamento.html,"Foto: TV ClubeO padrasto da mãe das crianças envenenadas em Parnaíba, identificado como Francisco de Assis Pereira da Costa, de 53 anos, foi preso na manhã desta quarta-feira (8). Quatro pessoas da família morreram; entre elas duas crianças.O homem é o principal suspeito de aplicar terbufós, substância altamente tóxica, no arroz consumido pela família no dia 1° de janeiro de 2025.A prisão de Francisco foi em cumprimento de mandado temporário. Outros mandados de busca e apreensão são cumpridos em endereços ligados a ele.Ao chegar à Central de Flagrantes de Parnaíba, Francisco de Assis afirmou que levou coroas de flores à mãe das crianças, Francisca Maria da Silva, durante o velório e negou ter envolvimento no caso.“Estou contando com a justiça de Deus. Eu comprei as coroas de flores e ainda estou devendo. Eu não uso produtos (tóxicos). A polícia foi lá. Eu não tenho nada a dizer”, declarou.A prisão aconteceu durante operação da Polícia Civil, que cumpriu mandados de busca e apreensão na casa do suspeito. O delegado Williams Pinheiro disse que as investigações vão continuar.Portal da Clube",Unknown date
Pedro Alcântara e Samantha Cavalca são empossados na Câmara Municipal de Teresina,https://carlsonpessoa.blogspot.com/2025/01/pedro-alcantara-e-samantha-cavalca-sao.html,"A Câmara Municipal de Teresina empossou na manhã desta terça (07) os dois suplentes do Progressistas, Pedro Alcântara (PP) e Samantha Cavalca (PP) que ocuparão as cadeiras de Ismael Silva (PP) e Aluísio Sampaio (PP) que se licenciaram para assumirem as secretarias de Educação e Meio Ambiente, respectivamente. Alcântara confirmou que também se tornará vice-líder do prefeito no parlamento.Pedro Alcântara destacou que será o decano e propôs um pacto pela cidade.“Olha, é um espírito de gratidão, porque, como diz o Mão Santa, Deus é infalível. Graças a compreensão do prefeito estamos aqui 30 anos depois, nesta casa. Então, eu volto para aprender. Eu vou aprender muito mais do que ensinar. Não obstante a idade, eu vou ser o decano da casa, mas eu vou aprender muito mais do que ensinar. Trago a minha experiência de vereador e de vida, mas vou aprender com eles. Agora, afora isso, eu quero que esse mandato seja um mandato propositivo para Teresina. Essa casa tem que fazer a parte dela também. Para revitalizar esta cidade”, afirmou.Já Samantha Cavalca destacou que defenderá os princípios do Bolsonarismo.“Vamos defender os princípios do presidente Jair Bolsonaro, ele defende Deus, Pátria, Família e Liberdade. Eu sempre falo, quando a gente fala em defender a família, não é algo abstrato, não é um conceito abstrato. É defender que a mãe de família tenha creche, é defender que a mãe de família possa colocar o seu filho numa escola integral, é defender que o pai de família tenha acesso a trabalho, tem acesso ao emprego. Isso sim é defender a família. Então é isso que vamos defender”, concluiu.Fonte: cidadeverde.com",Unknown date
PAX UNIÃO INFORMA - NOTA DE FALECIMENTO,https://carlsonpessoa.blogspot.com/2025/01/pax-uniao-informa-nota-de-falecimento_8.html,"A PAX UNIÃO, em nome das famílias enlutadas, cumpre o seu doloroso dever de comunicar o falecimento das seguintes pessoas:1. FRANCISCO DOS SANTOS CARDOSO, 69 anos de idade, falecido às 14h 52min do dia (07.01.2025) no Hospital Dirceu Arcoverde em Parnaíba-PI. O corpo está sendo velado na Travessa Timbira, n°55, Bairro Pindorama. O sepultamento será realizado às 09h de hoje (08.01.2025) no cemitério Santana.2. BERNARDO DOS SANTOS, 87 anos de idade,falecido na madrugada de hoje (08.01.2025) no Instituto Praxis em Parnaíba-PI. O corpo está sendo velado na Avenida Martins Ribeiro, n°173, Centro de Ilha Grande-PI. O sepultamento será logo mais às 17h no cemitério dos Morros da Mariana.A PAX UNIÃO, em nome das famílias enlutadas, agradece a todos que comparecerem a este ato de fé e piedade cristã.Informou a Pax UniãoParnaíba – PI, 08 de Janeiro de 2025.",Unknown date
Entenda como funciona novo golpe em postos de combustíveis no Piauí,https://carlsonpessoa.blogspot.com/2025/01/entenda-como-funciona-novo-golpe-em.html,"Uma nova modalidade de fraude está sendo realizada nos postos de combustíveis do Piauí. O golpe eletrônico ocorre no momento que o veículo vai ser abastecido, no qual o consumidor solicita abastecer com um determinado combustível, mas é liberado álcool.Assis Fernandes/ODIAEntenda como funciona novo golpe em postos de combustíveis no PiauíO alerta foi feito pelo Programa de Proteção e Defesa do Consumidor – Procon/MPPI. Essa prática tem sido aplicada no Maranhão e os postos de combustíveis do Piauí já estão sendo acompanhados e fiscalizados pelo órgão, de modo a evitar que os consumidores piauienses também sejam lesados.A fraude eletrônica foi descoberta durante uma operação realizada no estado vizinho ao Piauí, em dezembro de 2024. Foram identificadas irregularidades em diversos postos de combustíveis, o que exigiu do Procon/MPPI e do Imepi especialização para combater essa prática abusiva contra os consumidores.Estamos encontrando uma nova modalidade de fraude, vinda do Maranhão, a fraude eletrônica, que tem acontecido em uma grande rede de postos de combustíveis. Eles utilizam um chip para desviar o combustível. Se o cliente pede um combustível, a bomba injeta álcool.Arimatéia Ârea Leãochefe de fiscalização do Procon/MPPI“É uma modalidade mais aperfeiçoada, mas estamos nos especializando para combater essa prática também nos postos de combustíveis do Piauí”, explicou Arimatéia Ârea Leão, chefe de fiscalização do Procon/MPPI.No final 2024, foi realizada a 30ª Operação Petróleo Real, coibindo a prática abusiva que os postos de combustíveis praticam para obter vantagens sobre o consumidor. “Com a fiscalização, as irregularidades e as medidas baixas têm diminuído. Na última operação do Procon com o Imepi, identificamos que o consumidor, ao abastecer 20 litros, tinha uma perda de 8 litros”, comenta. (O Dia)",Unknown date
Governador Rafael Fonteles sai de férias por 12 dias e transmite cargo ao vice,https://carlsonpessoa.blogspot.com/2025/01/governador-rafael-fonteles-sai-de.html,"O governador Rafael Fonteles (PT) transmitiu o cargo ao vice-governador Themistocles Filho (MDB) na noite desta terça-feira (7) para um período de 12 dias, em que vai entrar de férias. Essas são as primeiras férias que o governador vai tirar desde que assumiu o mandato, em 2023. O governador disse que vai aproveitar este período, que se inicia em 8 de janeiro e segue até o dia 19, para aproveitar com a família.""Depois de dois anos como governador do estado do Piauí, eu agora vou tirar 10 dias de férias com a família, e aqui transmitindo o cargo para o nosso vice-governador Themistocles Filho, que vai conduzir muito bem os destinos do nosso estado nos próximos 10 dias"", disse. O período tirado de férias será relativo ao período aquisitivo de 2023.O governador ainda reforçou que o vice-governador Themistocles Filho ""está com a saúde em dia"". Themistocles ficouinternado e passou por examesno dia 2 de janeiro após um mal-estar. Ele teve alta no mesmo dia. ""Ele está com a saúde em dia e muita disposição para trabalhar pelo nosso povo"", disse o governador em vídeo publicado nas redes sociais.A transmissão do cargo ocorreu no Palácio de Karnak.cidadeverde.com",Unknown date
"“Não descarto autoria interna ou externa familiar”, diz delegado que investiga envenenamentos de família em Parnaíba",https://carlsonpessoa.blogspot.com/2025/01/nao-descarto-autoria-interna-ou-externa.html,"O delegado Abimael Silva, da Delegacia de Homicídios de Parnaíba, informou que já ouviu 13 pessoas no crime do envenenamento de nove pessoas de uma mesma família durante almoço no dia 1º de janeiro. Quatro pessoas já morreram, entre elas duas crianças, uma de três anos e outra de um ano e oito meses.Na madrugadadesta terça-feira (7), a mãe das duas crianças que morreram em outubro do ano passado também envenenadas, Francisca Maria da Silva,morreu após seis dias internada no Hospital Estadual Dirceu Arcoverde (HEDA), em Parnaíba.“A Polícia Civil não descarta nenhum tipo de autoria seja interna ou externa familiar. Estamos apurando e com o decorrer das oitivas a gente possa fazer esclarecimento desse fato logo em breve”, disse o delegado, que preside o inquérito.“Já ouvimos 13 pessoas, ainda faltam alguns esclarecimentos, está faltando verificar alguns detalhes e vamos requerer testemunhas, familiares para esclarecer alguns pontos. Estamos na linha de descobrir a autoria do crime para saber quem inseriu o veneno no arroz, que foi consumido pela família”, garantiu Abimael Silva.Quando ocorreu o envenenamento, 11 pessoas estavam na residência na cidade de Parnaíba.“Estamos buscando quem acessou a casa nos últimos dois dias antes do envenenamento”, disse o delegado Regional de Parnaíba, Williams Pinheiro.Segundo ele, o resultado da perícia que apontou que as pessoas foram intoxicadas por substância venenosa já indica que houve homicídios.“Nada está sendo descartado. O inquérito está avançando e com o resultado do laudo pericial fica confortável afirmar que houveram homicídios. Agora o foco é apontar a autoria, se foi uma pessoa, duas ou três envolvidas no crime”, disse o delegado regional.",Unknown date
Prefeito de Coronel José Dias matricula filhos na rede municipal de ensino,https://carlsonpessoa.blogspot.com/2025/01/prefeito-de-coronel-jose-dias-matricula.html,"O prefeito de
Coronel José Dias, município localizado no Sul do Piauí,Dr. Victor Carvalho,
anunciou a matrícula de seus filhos na rede municipal de ensino. Esta ação
demonstra não apenas o comprometimento do gestor com a qualidade da educação
oferecida no município, mas também serve como um exemplo para a comunidade.O prefeito Dr. Victor Carvalho destacou a empolgação de seus
filhos com o início do ano letivo de 2025. ""Luíza Lara está animada para
estudar na creche. Ela e Pedro Victor já estão matriculados na nossa rede de
ensino municipal"", afirmou o gestor evidenciando a confiança na estrutura
educacional e nos profissionais que compõem a rede municipal de ensino de
Coronel José Dias.A decisão do prefeito de matricular seus filhos nas escolas públicas do
município é vista como um sinal de seu compromisso com a qualidade da educação
oferecida. Ao optar pelo ensino público para sua própria família, Dr. Victor
Carvalho demonstra confiança na infraestrutura das escolas municipais,
reconhecimento da competência dos profissionais de educação e comprometimento
com a melhoria contínua do sistema educacional local.Para os pais e
responsáveis que desejam seguir o exemplo do prefeito, as matrículas para o ano
letivo de 2025 permanecem abertas até amanhã, 8 de janeiro de 2025. Os
interessados devem procurar as unidades escolares para garantir a vaga de seus
filhos.A atitude do prefeito Dr. Victor Carvalho tem como objetivo
aumentar a confiança da população na qualidade do ensino público municipal,
incentivar mais famílias a optarem pelas escolas da rede municipal e fortalecer
o vínculo entre a gestão pública e a comunidade escolar.O gesto do prefeito representa um voto de confiança na educação
pública e um compromisso visível com a qualidade do ensino oferecido no
município. Esta ação serve como um lembrete poderoso de que a educação pública
de qualidade é um direito de todos e uma responsabilidade compartilhada entre
gestores, educadores e a comunidade.GP1 - Gil Sobreira",Unknown date
Mão Santa assume o cargo de secretario imediato da Prefeitura de Parnaíba.,https://carlsonpessoa.blogspot.com/2025/01/mao-santa-assume-o-cargo-de-secretario.html,"O ex-prefeito Mão Santa, volta a prefeitura de Parnaíba, aos 82 anos de idade, agora como Secretario Imediato do Gabinete do prefeito Francisco Emanuel. O Decreto de numero 023/2025 foi publicado no Diário Oficial do Município(DOM) nesta terça feira(07), reatroativo a 02 de janeiro de 2025.",Unknown date
Casal que fez doação para família envenenada no PI teme represálias: ‘deixei de mexer nas redes sociais’; laudo descarta veneno em peixe,https://carlsonpessoa.blogspot.com/2025/01/casal-que-fez-doacao-para-familia.html,"Marido e mulher, que doam cestas básicas para famílias pobres há cinco anos, falaram ao Fantástico sob a condição de anonimato. Perícia apontou que veneno semelhante ao “chumbinho” estava presente no arroz preparado pelos familiares internados.A tragédia da família envenenada no PiauíO casal que doou uma cesta básica e peixe manjuba para a família internada com sintomas de envenenamento em Parnaíba, no litoral do Piauí, teme possíveis represálias que pode sofrer devido à repercussão do caso. O laudo do Instituto Médico Legal (IML) apontou a presença de veneno no arroz preparado pelos familiares, e não no peixe (entenda abaixo). Assim, o marido e a mulher não são mais considerados suspeitos pela polícia.A tragédia da família envenenada no PiauíO casal que doou uma cesta básica e peixe manjuba para a família internada com sintomas de envenenamento em Parnaíba, no litoral do Piauí, teme possíveis represálias que pode sofrer devido à repercussão do caso. O laudo do Instituto Médico Legal (IML) apontou a presença de veneno no arroz preparado pelos familiares, e não no peixe (entenda abaixo). Assim, o marido e a mulher não são mais considerados suspeitos pela polícia.“Deixei de mexer nas redes sociais só pra não ver comentário. A gente fica ruim da cabeça. Tá complicado dormir com essa situação”, lamentou o marido, que conversou com o Fantástico sob a condição de anonimato.“Os 30 kg de peixe foram doados para várias famílias no mesmo dia. A associação doa mais de 50, 100 kg para vários órgãos que fazem ações sociais no fim do ano e ninguém passou mal. Aqui mesmo a gente comeu manjuba, quem trabalha pra gente comeu e não passou mal”, destacou.Até a publicação desta reportagem, três pessoas da família morreram e duas continuam internadas. Outras quatro receberam alta (saiba quem são as vítimas). Com o resultado do laudo do IML, a polícia passa a investigar o caso como homicídio (leia mais abaixo).Por Eric Souza, Edigar Neto, g1 PI, TV Clube",Unknown date
Inmet emite alerta de chuvas intensas para todo o Piauí nesta terça-feira (7),https://carlsonpessoa.blogspot.com/2025/01/inmet-emite-alerta-de-chuvas-intensas.html,"Veja o mapa com os alertas emitidos pelo InmetO Instituto Nacional de Meteorologia (Inmet) emitiu um alerta de chuvas intensas para todos os municípios do Piauí. O alerta amarelo, de perigo potencial, tem início nesta manhã e segue até as 10h desta quarta-feira (08). Além do alerta amarelo, 148 municípios estão cobertos pelo alerta laranja, com perigo de chuvas mais intensas.O alerta amarelo prevê chuva entre 20 e 30 mm/h ou até 50 mm/dia, ventos intensos (40-60 km/h). Segundo o instituto existe o baixo risco de corte de energia elétrica, queda de galhos de árvores, alagamentos e de descargas elétricas.O alerta laranja prevê chuva entre 30 e 60 mm/h ou 50 e 100 mm/dia, ventos intensos (60-100 km/h). Há ainda risco de corte de energia elétrica, queda de galhos de árvores, alagamentos e de descargas elétricas.",Unknown date
ATENÇÃO PARNAHYBA - CBF muda regulamento da Copa do Brasil; Altos e Parnahyba disputam,https://carlsonpessoa.blogspot.com/2025/01/atencao-parnahyba-cbf-muda-regulamento.html,"A Confederação Brasileira de Futebol (CBF) confirmou alteração no regulamento da primeira fase da Copa do Brasil de 2025.A partir deste ano os clubes os visitantes não possuem mais a vantagem do empate no tempo regulamentar.Com isso, em caso de empate no tempo regulamentar, a classificação para a etapa seguinte vai será definida atráves da cobrança de penaltis.No estado do Piauí, Altos e Parnahyba irão disputar a competição por terem sido campeão e vice-campeão Piauiense na última temporada.Até 2024, as equipes dos potes A, B, C e D (de melhor ranking) jogavam fora de casa e entravam em campo com a vantagem de jogar por um empate. A regra foi utilizada pela CBF nas últimas oito edições do torneio. As duas primeiras fases da Copa do Brasil são disputadas em jogo único e, a partir de 2025, ambas serão decididas em cobranças de pênaltis, em caso de empate no tempo normal.Na terceira fase da Copa do Brasil se mantém o formato já conhecido com os confrontos de ida e volta.Ao todo, 80 clubes irão participar da primeira fase da Copa do Brasil 2025. A divisão dos potes da competição segue o posicionamento dos clubes no Ranking Nacional de Clubes (RNC) da CBF.",Unknown date
PAX UNIÃO INFORMA - NOTA DE FALECIMENTO,https://carlsonpessoa.blogspot.com/2025/01/pax-uniao-informa-nota-de-falecimento_19.html,"A PAX UNIÃO, em nome das famílias enlutadas, cumpre o seu doloroso dever decomunicar o falecimento das seguintes pessoas:1. FRANCISCA MARIA SILVA, 32 anos de idade, falecida às 03h de hoje (07.01.2025) noHospital Nossa senhora de Fátima em Parnaíba-PI. O corpo foi removido do IML e estásendo velado no Conjunto Dom Rufino II, Q B 3, C 09, Bairro Primavera. O sepultamentoserá logo mais às 16h no cemitério do Igaraçu.2. RN DE VERÔNICA MARIA BRITO DOS SANTOS, falecido às 07h 02min de hoje(07.01.2025) no Hospital Evangelina Rosa em Teresina-PI. O corpo será trasladado paraParnaíba-PI, onde será velado e sepultado.A PAX UNIÃO, em nome das famílias enlutadas, agradece a todos que comparecerema este ato de fé e piedade cristã.Informou a Pax UniãoParnaíba – PI, 07 de Janeiro de 2025.",Unknown date
A nova frente da parceria Silvio/Rafael,https://carlsonpessoa.blogspot.com/2025/01/a-nova-frente-da-parceria-silviorafael.html,"O prefeito da capital, Silvio Mendes (União Brasil), participou do ato solene que inaugurou sede da Companhia Ferroviária do Estado, anunciou investimentos no metrô de Teresina. O prefeito ouviu do governador Rafael Fonteles a implantação da tarifa zero no transporte urbano sobre trilhos. Silvio Mendes confirmou repasses financeiros da prefeitura para os consórcios de transportes coletivos vinculados a mais ônibus circulando na cidade. No final, no tradicional gesto de mãos dadas, no estilo um por todos e todos por um,  Silvio, Rafael, lideranças políticas reafirmaram compromissos para investimentos em mobilidade urbana em Teresina. É nova frente das parcerias administrativas que envolvem governo do estado e prefeitura de Teresina.Tempo Real",Unknown date
Proprietário de imóvel encontra fezes humanas no teto de sua residência no Piauí,https://carlsonpessoa.blogspot.com/2025/01/proprietario-de-imovel-encontra-fezes.html,"Um proprietário de imóvel localizado no bairro São Pedro, no residencial São Pedro II, em União, passou por uma situação inusitada e desagradável neste domingo (05/01). Ao realizar ajustes na caixa d'água de sua casa, o homem se deparou com várias sacolas plásticas contendo fezes humanas sobre o teto da residência. Com informações doClique União.A descoberta aconteceu quando o inquilino do imóvel subiu até o telhado para realizar manutenção no sistema de abastecimento de água. Durante a inspeção, ele percebeu a presença de objetos estranhos e, ao verificar mais de perto, identificou as sacolas com os dejetos humanos.O proprietário expressou indignação com o ocorrido, chamando a situação de ""falta de ética e educação"". O caso gerou repercussão entre os vizinhos, que não perceberam movimentações suspeitas na área que pudessem indicar o responsável pelo ato. O proprietário anunciou que tomará providências legais, incluindo o registro de um boletim de ocorrência na delegacia local para investigar o ocorrido.",Unknown date
Mãe que perdeu os filhos por caju envenenado é 4ª vítima da família no litoral Piauí,https://carlsonpessoa.blogspot.com/2025/01/mae-que-perdeu-os-filhos-por-caju.html,"Francisca Maria da Silva, de 32 anos, faleceu na madrugada desta terça-feira (07/01) no Hospital Estadual Dirceu Arcoverde (Heda), em Parnaíba, litoral do Piauí. Ela se tornou a quarta vítima da mesma família a morrer após consumir arroz contaminado com uma substância tóxica similar ao ""chumbinho"".Na noite de segunda-feira (06/01), algumas pessoas da família chegaram a divulgar a morte de Francisca, mas a confirmação oficial ocorreu apenas na madrugada de terça, por volta das 3h.O Hospital Estadual Dirceu Arcoverde (HEDA) emitiu uma nota à imprensa:Nota à ImprensaO Hospital Estadual Dirceu Arcoverde (HEDA) lamenta profundamente o falecimento de uma paciente adulta ocorrido na terça-feira (7), em decorrência de um suposto caso de envenenamento. A paciente estava sob os cuidados da instituição desde o dia 1º, e o óbito foi constatado por volta das 3h07.Após a confirmação do falecimento, o corpo foi encaminhado ao Instituto Médico Legal (IML) para os procedimentos necessários.Neste momento de imensa dor, expressamos nossas sinceras condolências à família da paciente e reafirmamos que a equipe multidisciplinar do HEDA trabalhou com total dedicação, seguindo todos os protocolos e medidas necessárias para garantir o melhor atendimento durante sua permanência na unidade.O HEDA reafirma seu compromisso com a saúde e o bem-estar da população, assim como com a transparência em suas ações. Em conformidade com a legislação vigente sobre privacidade, não serão fornecidos detalhes adicionais sobre o caso.Atenciosamente,Dr. Carlos TeixeiraDiretor Técnico do Hospital Estadual Dirceu Arcoverde (HEDA)O casoAo todo, nove membros da família consumiram o alimento. Além de Francisca, faleceram dois de seus filhos, de um e três anos, e seu irmão, de 18 anos. Uma filha de quatro anos segue internada no Hospital de Urgência de Teresina (HUT), enquanto os outros quatro envolvidos já receberam alta.Francisca teve cinco filhos, dos quais quatro morreram por envenenamento. Dois deles faleceram após ingerir o arroz contaminado, enquanto os outros dois morreram em agosto de 2024 ao comer cajus envenenados. A suspeita desse crime está presa, acusada de duplo homicídio qualificado.O laudo do Instituto de Medicina Legal (IML) confirmou que o veneno no alimento era ""terbufós"", um organofosforado usado como inseticida. A substância foi encontrada em grande quantidade no baião de dois preparado pela família. ""Estava em todo o arroz, em grânulos visíveis"", afirmou o médico Antônio Nunes, diretor do IML.UM peixe doado à família no dia 31 de dezembro foi inicialmente suspeito, mas exames descartaram a hipótese de contaminação, isentando o casal responsável pela doação.",Unknown date
"Corpo de Bombeiros resgata tartaruga marinha na praia de Caburé, em Barreirinhas",https://carlsonpessoa.blogspot.com/2025/01/corpo-de-bombeiros-resgata-tartaruga.html,"Neste fim de
semana, uma equipe doCorpo de Bombeiros do Maranhão(CBMMA)
resgatou uma tartaruga marinha na praia de Caburé, em Barreirinhas.Segundo os agentes, o animal estava ferido e, por isso, foi levado
até a faixa de areia para receber os devidos cuidados.Ainda de
acordo com os bombeiros, a tartaruga foi transportada até a base do Instituto
Chico Mendes de Conservação da Biodiversidade (ICMBio), especializada no
atendimento e reabilitação de animais marinhos.O animal segue sob os cuidados do ICMBio e, em breve, será
devolvido ao seu habitat natural.",Unknown date
